mergedImage_0,"[0, 2, 0, 0, 0]"
mergedImage_1,"[0, 2, 0, 0, 0]"
mergedImage_2,"[0, 2, 1, 0, 0]"
mergedImage_3,"[1, 0, 2, 0, 3]"
mergedImage_4,"[1, 1, 0, 0, 0]"
mergedImage_5,"[0, 1, 1, 1, 0]"
mergedImage_6,"[1, 2, 0, 1, 0]"
mergedImage_7,"[1, 0, 2, 1, 0]"
mergedImage_8,"[1, 1, 1, 1, 0]"
mergedImage_9,"[1, 0, 1, 2, 0]"
mergedImage_10,"[2, 0, 0, 0, 0]"
mergedImage_11,"[0, 0, 0, 2, 1]"
mergedImage_12,"[2, 0, 1, 0, 1]"
mergedImage_13,"[1, 0, 1, 2, 1]"
mergedImage_14,"[1, 0, 0, 0, 1]"
mergedImage_15,"[0, 2, 0, 0, 1]"
mergedImage_16,"[1, 1, 0, 1, 3]"
mergedImage_17,"[0, 3, 0, 0, 0]"
mergedImage_18,"[1, 0, 1, 1, 1]"
mergedImage_19,"[3, 1, 0, 0, 2]"
mergedImage_20,"[1, 0, 0, 0, 1]"
mergedImage_21,"[1, 0, 2, 0, 2]"
mergedImage_22,"[1, 0, 0, 1, 0]"
mergedImage_23,"[2, 3, 0, 1, 0]"
mergedImage_24,"[1, 1, 0, 1, 1]"
mergedImage_25,"[1, 2, 0, 0, 1]"
mergedImage_26,"[1, 0, 2, 1, 1]"
mergedImage_27,"[1, 2, 1, 2, 0]"
mergedImage_28,"[2, 0, 1, 1, 0]"
mergedImage_29,"[0, 0, 0, 1, 1]"
mergedImage_30,"[0, 2, 0, 1, 1]"
mergedImage_31,"[1, 0, 1, 0, 1]"
mergedImage_32,"[2, 1, 1, 1, 0]"
mergedImage_33,"[3, 0, 2, 0, 1]"
mergedImage_34,"[0, 4, 1, 0, 1]"
mergedImage_35,"[2, 1, 1, 0, 0]"
mergedImage_36,"[0, 1, 1, 0, 0]"
mergedImage_37,"[0, 3, 0, 2, 0]"
mergedImage_38,"[1, 3, 0, 0, 0]"
mergedImage_39,"[0, 0, 1, 1, 0]"
mergedImage_40,"[0, 0, 1, 1, 0]"
mergedImage_41,"[1, 0, 0, 1, 0]"
mergedImage_42,"[0, 0, 1, 0, 1]"
mergedImage_43,"[0, 1, 0, 0, 2]"
mergedImage_44,"[1, 1, 2, 2, 0]"
mergedImage_45,"[0, 2, 0, 2, 0]"
mergedImage_46,"[1, 2, 1, 2, 0]"
mergedImage_47,"[2, 1, 1, 1, 1]"
mergedImage_48,"[1, 0, 1, 0, 0]"
mergedImage_49,"[2, 2, 0, 0, 0]"
mergedImage_50,"[1, 0, 1, 0, 0]"
mergedImage_51,"[2, 0, 1, 1, 1]"
mergedImage_52,"[1, 2, 1, 0, 1]"
mergedImage_53,"[1, 0, 1, 1, 3]"
mergedImage_54,"[1, 1, 0, 1, 0]"
mergedImage_55,"[1, 1, 1, 0, 2]"
mergedImage_56,"[1, 1, 0, 0, 0]"
mergedImage_57,"[0, 1, 1, 1, 2]"
mergedImage_58,"[2, 1, 1, 2, 0]"
mergedImage_59,"[0, 3, 1, 0, 0]"
mergedImage_60,"[1, 1, 2, 0, 2]"
mergedImage_61,"[0, 1, 1, 0, 1]"
mergedImage_62,"[0, 0, 1, 2, 0]"
mergedImage_63,"[0, 1, 0, 0, 2]"
mergedImage_64,"[3, 0, 1, 0, 0]"
mergedImage_65,"[0, 1, 4, 0, 1]"
mergedImage_66,"[1, 0, 4, 1, 0]"
mergedImage_67,"[1, 1, 0, 1, 1]"
mergedImage_68,"[2, 0, 2, 2, 0]"
mergedImage_69,"[0, 1, 0, 1, 1]"
mergedImage_70,"[1, 0, 0, 1, 1]"
mergedImage_71,"[0, 2, 0, 0, 0]"
mergedImage_72,"[1, 1, 1, 3, 0]"
mergedImage_73,"[0, 0, 2, 0, 3]"
mergedImage_74,"[0, 0, 0, 1, 1]"
mergedImage_75,"[1, 0, 2, 0, 1]"
mergedImage_76,"[0, 1, 2, 0, 1]"
mergedImage_77,"[0, 1, 0, 2, 1]"
mergedImage_78,"[1, 1, 0, 1, 2]"
mergedImage_79,"[1, 1, 0, 1, 0]"
mergedImage_80,"[1, 1, 1, 3, 0]"
mergedImage_81,"[0, 1, 0, 0, 1]"
mergedImage_82,"[0, 0, 0, 0, 2]"
mergedImage_83,"[0, 1, 0, 1, 2]"
mergedImage_84,"[0, 1, 4, 1, 0]"
mergedImage_85,"[0, 1, 1, 1, 2]"
mergedImage_86,"[1, 0, 1, 1, 1]"
mergedImage_87,"[0, 1, 1, 0, 1]"
mergedImage_88,"[0, 2, 1, 1, 0]"
mergedImage_89,"[0, 3, 1, 1, 1]"
mergedImage_90,"[2, 1, 0, 2, 1]"
mergedImage_91,"[0, 0, 0, 1, 1]"
mergedImage_92,"[0, 1, 0, 0, 1]"
mergedImage_93,"[1, 0, 2, 2, 0]"
mergedImage_94,"[0, 2, 1, 1, 1]"
mergedImage_95,"[1, 1, 3, 0, 1]"
mergedImage_96,"[2, 0, 0, 3, 1]"
mergedImage_97,"[0, 1, 2, 0, 1]"
mergedImage_98,"[1, 3, 0, 1, 1]"
mergedImage_99,"[1, 0, 1, 0, 1]"
mergedImage_100,"[0, 1, 1, 0, 0]"
mergedImage_101,"[0, 2, 1, 1, 0]"
mergedImage_102,"[3, 0, 0, 1, 0]"
mergedImage_103,"[1, 0, 1, 1, 1]"
mergedImage_104,"[2, 1, 0, 1, 2]"
mergedImage_105,"[2, 0, 2, 1, 1]"
mergedImage_106,"[0, 1, 1, 1, 0]"
mergedImage_107,"[1, 1, 0, 1, 2]"
mergedImage_108,"[0, 0, 2, 0, 1]"
mergedImage_109,"[0, 0, 0, 2, 0]"
mergedImage_110,"[1, 1, 0, 0, 0]"
mergedImage_111,"[0, 2, 0, 0, 0]"
mergedImage_112,"[1, 0, 0, 1, 0]"
mergedImage_113,"[3, 0, 0, 0, 1]"
mergedImage_114,"[1, 1, 1, 0, 1]"
mergedImage_115,"[1, 1, 0, 0, 0]"
mergedImage_116,"[1, 2, 0, 1, 1]"
mergedImage_117,"[1, 0, 0, 2, 1]"
mergedImage_118,"[0, 1, 1, 2, 2]"
mergedImage_119,"[0, 1, 0, 1, 1]"
mergedImage_120,"[3, 0, 0, 1, 0]"
mergedImage_121,"[2, 0, 0, 0, 0]"
mergedImage_122,"[1, 0, 0, 1, 1]"
mergedImage_123,"[2, 0, 1, 3, 0]"
mergedImage_124,"[1, 1, 2, 0, 1]"
mergedImage_125,"[0, 0, 3, 2, 1]"
mergedImage_126,"[0, 2, 0, 2, 2]"
mergedImage_127,"[0, 3, 0, 1, 0]"
mergedImage_128,"[2, 1, 0, 1, 1]"
mergedImage_129,"[0, 2, 1, 0, 0]"
mergedImage_130,"[0, 0, 1, 1, 0]"
mergedImage_131,"[2, 0, 0, 0, 0]"
mergedImage_132,"[2, 1, 0, 0, 1]"
mergedImage_133,"[0, 3, 1, 0, 0]"
mergedImage_134,"[3, 0, 1, 2, 0]"
mergedImage_135,"[0, 0, 2, 1, 1]"
mergedImage_136,"[1, 0, 1, 0, 1]"
mergedImage_137,"[0, 1, 0, 1, 1]"
mergedImage_138,"[0, 2, 0, 1, 0]"
mergedImage_139,"[1, 0, 0, 0, 1]"
mergedImage_140,"[3, 2, 0, 0, 0]"
mergedImage_141,"[1, 1, 2, 0, 1]"
mergedImage_142,"[2, 1, 0, 0, 1]"
mergedImage_143,"[0, 1, 1, 0, 0]"
mergedImage_144,"[1, 2, 1, 2, 0]"
mergedImage_145,"[3, 0, 1, 0, 2]"
mergedImage_146,"[0, 1, 1, 0, 1]"
mergedImage_147,"[1, 2, 0, 0, 1]"
mergedImage_148,"[2, 1, 0, 2, 0]"
mergedImage_149,"[0, 1, 1, 1, 0]"
mergedImage_150,"[0, 0, 1, 2, 0]"
mergedImage_151,"[0, 2, 1, 1, 1]"
mergedImage_152,"[1, 0, 0, 0, 1]"
mergedImage_153,"[2, 1, 1, 0, 0]"
mergedImage_154,"[1, 0, 0, 1, 2]"
mergedImage_155,"[0, 0, 0, 2, 0]"
mergedImage_156,"[0, 2, 1, 1, 2]"
mergedImage_157,"[0, 0, 1, 1, 0]"
mergedImage_158,"[0, 0, 1, 2, 0]"
mergedImage_159,"[1, 3, 1, 1, 0]"
mergedImage_160,"[1, 1, 0, 1, 2]"
mergedImage_161,"[0, 0, 0, 2, 2]"
mergedImage_162,"[1, 1, 0, 1, 1]"
mergedImage_163,"[1, 0, 1, 1, 1]"
mergedImage_164,"[1, 2, 0, 2, 0]"
mergedImage_165,"[0, 1, 1, 0, 4]"
mergedImage_166,"[0, 0, 3, 0, 0]"
mergedImage_167,"[2, 0, 1, 2, 0]"
mergedImage_168,"[1, 0, 1, 1, 2]"
mergedImage_169,"[1, 1, 1, 1, 2]"
mergedImage_170,"[0, 0, 0, 2, 0]"
mergedImage_171,"[0, 2, 1, 3, 0]"
mergedImage_172,"[0, 1, 1, 1, 1]"
mergedImage_173,"[2, 1, 2, 0, 1]"
mergedImage_174,"[1, 1, 1, 2, 1]"
mergedImage_175,"[1, 0, 1, 0, 0]"
mergedImage_176,"[1, 1, 2, 0, 1]"
mergedImage_177,"[0, 2, 1, 3, 0]"
mergedImage_178,"[1, 3, 0, 1, 1]"
mergedImage_179,"[1, 1, 0, 0, 2]"
mergedImage_180,"[1, 0, 0, 0, 2]"
mergedImage_181,"[2, 2, 1, 0, 1]"
mergedImage_182,"[0, 0, 1, 1, 0]"
mergedImage_183,"[1, 1, 1, 0, 1]"
mergedImage_184,"[3, 1, 1, 1, 0]"
mergedImage_185,"[0, 2, 0, 2, 1]"
mergedImage_186,"[1, 0, 0, 2, 1]"
mergedImage_187,"[0, 1, 1, 0, 0]"
mergedImage_188,"[0, 0, 0, 1, 1]"
mergedImage_189,"[0, 1, 1, 2, 2]"
mergedImage_190,"[0, 1, 1, 0, 0]"
mergedImage_191,"[0, 1, 0, 3, 1]"
mergedImage_192,"[1, 2, 0, 1, 0]"
mergedImage_193,"[1, 1, 0, 0, 0]"
mergedImage_194,"[0, 1, 0, 1, 0]"
mergedImage_195,"[1, 1, 1, 0, 0]"
mergedImage_196,"[1, 0, 1, 0, 2]"
mergedImage_197,"[1, 1, 2, 1, 1]"
mergedImage_198,"[0, 0, 0, 1, 1]"
mergedImage_199,"[0, 1, 2, 0, 0]"
mergedImage_200,"[1, 0, 1, 2, 0]"
mergedImage_201,"[1, 0, 2, 0, 1]"
mergedImage_202,"[0, 0, 1, 1, 1]"
mergedImage_203,"[0, 1, 0, 0, 1]"
mergedImage_204,"[0, 0, 1, 0, 2]"
mergedImage_205,"[0, 1, 2, 0, 0]"
mergedImage_206,"[1, 0, 0, 1, 3]"
mergedImage_207,"[0, 3, 0, 0, 0]"
mergedImage_208,"[1, 1, 0, 1, 0]"
mergedImage_209,"[0, 0, 1, 0, 2]"
mergedImage_210,"[2, 1, 1, 0, 0]"
mergedImage_211,"[1, 0, 3, 1, 0]"
mergedImage_212,"[2, 1, 0, 2, 1]"
mergedImage_213,"[0, 1, 1, 0, 0]"
mergedImage_214,"[2, 2, 1, 0, 0]"
mergedImage_215,"[1, 2, 0, 1, 2]"
mergedImage_216,"[2, 0, 1, 1, 1]"
mergedImage_217,"[0, 2, 1, 0, 1]"
mergedImage_218,"[1, 3, 1, 0, 1]"
mergedImage_219,"[0, 0, 4, 0, 0]"
mergedImage_220,"[1, 3, 1, 1, 0]"
mergedImage_221,"[0, 0, 1, 0, 1]"
mergedImage_222,"[2, 0, 0, 1, 3]"
mergedImage_223,"[1, 1, 0, 0, 1]"
mergedImage_224,"[1, 1, 1, 1, 2]"
mergedImage_225,"[1, 2, 1, 0, 0]"
mergedImage_226,"[1, 0, 1, 1, 2]"
mergedImage_227,"[1, 1, 1, 1, 2]"
mergedImage_228,"[1, 3, 0, 0, 0]"
mergedImage_229,"[1, 0, 1, 1, 0]"
mergedImage_230,"[2, 1, 1, 1, 0]"
mergedImage_231,"[0, 0, 1, 0, 1]"
mergedImage_232,"[1, 1, 1, 0, 2]"
mergedImage_233,"[0, 2, 1, 1, 0]"
mergedImage_234,"[1, 1, 0, 0, 0]"
mergedImage_235,"[0, 1, 2, 1, 1]"
mergedImage_236,"[1, 0, 1, 1, 2]"
mergedImage_237,"[2, 0, 1, 0, 0]"
mergedImage_238,"[1, 1, 1, 2, 1]"
mergedImage_239,"[0, 2, 1, 0, 1]"
mergedImage_240,"[0, 0, 1, 0, 1]"
mergedImage_241,"[1, 1, 0, 2, 2]"
mergedImage_242,"[1, 0, 0, 1, 0]"
mergedImage_243,"[2, 1, 0, 0, 1]"
mergedImage_244,"[1, 0, 1, 0, 0]"
mergedImage_245,"[1, 2, 2, 1, 0]"
mergedImage_246,"[0, 0, 1, 0, 2]"
mergedImage_247,"[3, 0, 0, 0, 0]"
mergedImage_248,"[0, 0, 0, 2, 1]"
mergedImage_249,"[0, 0, 0, 3, 0]"
mergedImage_250,"[1, 0, 0, 4, 0]"
mergedImage_251,"[1, 1, 0, 0, 1]"
mergedImage_252,"[0, 0, 1, 2, 2]"
mergedImage_253,"[1, 0, 0, 1, 0]"
mergedImage_254,"[1, 0, 1, 1, 0]"
mergedImage_255,"[1, 0, 1, 1, 0]"
mergedImage_256,"[0, 0, 1, 1, 1]"
mergedImage_257,"[0, 1, 2, 0, 2]"
mergedImage_258,"[1, 0, 0, 0, 1]"
mergedImage_259,"[0, 2, 1, 1, 1]"
mergedImage_260,"[0, 0, 2, 0, 0]"
mergedImage_261,"[1, 0, 0, 0, 1]"
mergedImage_262,"[2, 0, 0, 0, 0]"
mergedImage_263,"[0, 1, 2, 0, 1]"
mergedImage_264,"[0, 0, 1, 2, 2]"
mergedImage_265,"[0, 0, 1, 1, 0]"
mergedImage_266,"[0, 1, 2, 2, 1]"
mergedImage_267,"[0, 0, 1, 1, 0]"
mergedImage_268,"[1, 1, 0, 0, 0]"
mergedImage_269,"[0, 0, 1, 0, 1]"
mergedImage_270,"[1, 0, 0, 1, 0]"
mergedImage_271,"[2, 1, 0, 2, 0]"
mergedImage_272,"[0, 1, 1, 1, 3]"
mergedImage_273,"[1, 0, 1, 0, 1]"
mergedImage_274,"[0, 1, 0, 2, 0]"
mergedImage_275,"[0, 1, 2, 0, 1]"
mergedImage_276,"[2, 0, 2, 1, 1]"
mergedImage_277,"[0, 2, 1, 1, 1]"
mergedImage_278,"[1, 1, 0, 0, 0]"
mergedImage_279,"[0, 1, 0, 1, 0]"
mergedImage_280,"[2, 0, 3, 1, 0]"
mergedImage_281,"[0, 1, 2, 0, 0]"
mergedImage_282,"[0, 1, 0, 1, 2]"
mergedImage_283,"[0, 1, 2, 2, 0]"
mergedImage_284,"[0, 1, 0, 1, 0]"
mergedImage_285,"[0, 1, 1, 2, 1]"
mergedImage_286,"[0, 1, 2, 1, 0]"
mergedImage_287,"[2, 3, 0, 0, 0]"
mergedImage_288,"[1, 0, 0, 1, 2]"
mergedImage_289,"[0, 0, 0, 1, 1]"
mergedImage_290,"[0, 0, 1, 1, 0]"
mergedImage_291,"[2, 0, 0, 0, 1]"
mergedImage_292,"[2, 2, 0, 1, 0]"
mergedImage_293,"[0, 0, 1, 0, 1]"
mergedImage_294,"[2, 0, 0, 1, 1]"
mergedImage_295,"[1, 0, 2, 3, 0]"
mergedImage_296,"[1, 2, 0, 0, 3]"
mergedImage_297,"[1, 2, 2, 0, 1]"
mergedImage_298,"[1, 0, 0, 1, 2]"
mergedImage_299,"[0, 1, 0, 1, 1]"
mergedImage_300,"[0, 1, 1, 0, 2]"
mergedImage_301,"[0, 0, 1, 1, 0]"
mergedImage_302,"[2, 1, 0, 0, 0]"
mergedImage_303,"[1, 1, 2, 1, 0]"
mergedImage_304,"[1, 1, 0, 1, 2]"
mergedImage_305,"[2, 0, 1, 0, 0]"
mergedImage_306,"[0, 2, 1, 2, 1]"
mergedImage_307,"[0, 2, 0, 1, 0]"
mergedImage_308,"[1, 0, 2, 1, 0]"
mergedImage_309,"[1, 1, 1, 1, 2]"
mergedImage_310,"[1, 0, 1, 0, 0]"
mergedImage_311,"[0, 1, 1, 0, 4]"
mergedImage_312,"[1, 0, 1, 0, 2]"
mergedImage_313,"[1, 1, 0, 0, 1]"
mergedImage_314,"[0, 1, 2, 0, 1]"
mergedImage_315,"[0, 2, 0, 3, 1]"
mergedImage_316,"[0, 0, 1, 1, 0]"
mergedImage_317,"[2, 0, 1, 3, 0]"
mergedImage_318,"[2, 1, 1, 2, 0]"
mergedImage_319,"[0, 1, 1, 0, 1]"
mergedImage_320,"[1, 0, 0, 0, 1]"
mergedImage_321,"[1, 0, 1, 2, 2]"
mergedImage_322,"[2, 2, 1, 1, 0]"
mergedImage_323,"[0, 1, 1, 1, 1]"
mergedImage_324,"[1, 1, 0, 1, 1]"
mergedImage_325,"[1, 0, 0, 3, 2]"
mergedImage_326,"[2, 0, 0, 0, 0]"
mergedImage_327,"[0, 0, 2, 1, 0]"
mergedImage_328,"[1, 1, 0, 1, 1]"
mergedImage_329,"[1, 0, 0, 3, 0]"
mergedImage_330,"[1, 0, 2, 1, 0]"
mergedImage_331,"[0, 1, 0, 2, 1]"
mergedImage_332,"[2, 2, 0, 1, 0]"
mergedImage_333,"[0, 0, 2, 1, 3]"
mergedImage_334,"[0, 1, 1, 2, 0]"
mergedImage_335,"[2, 0, 0, 0, 3]"
mergedImage_336,"[0, 0, 1, 2, 1]"
mergedImage_337,"[1, 1, 1, 1, 1]"
mergedImage_338,"[0, 2, 0, 0, 1]"
mergedImage_339,"[1, 0, 1, 0, 0]"
mergedImage_340,"[3, 2, 0, 1, 0]"
mergedImage_341,"[0, 1, 1, 1, 2]"
mergedImage_342,"[0, 1, 0, 1, 0]"
mergedImage_343,"[2, 2, 1, 0, 0]"
mergedImage_344,"[0, 0, 0, 1, 2]"
mergedImage_345,"[1, 4, 1, 0, 0]"
mergedImage_346,"[1, 2, 0, 1, 0]"
mergedImage_347,"[1, 0, 2, 1, 0]"
mergedImage_348,"[2, 1, 0, 1, 0]"
mergedImage_349,"[2, 0, 1, 3, 0]"
mergedImage_350,"[0, 0, 0, 1, 1]"
mergedImage_351,"[2, 0, 1, 2, 0]"
mergedImage_352,"[0, 0, 0, 2, 0]"
mergedImage_353,"[0, 1, 0, 3, 0]"
mergedImage_354,"[1, 1, 2, 1, 1]"
mergedImage_355,"[0, 1, 1, 0, 0]"
mergedImage_356,"[0, 1, 0, 2, 0]"
mergedImage_357,"[0, 1, 0, 1, 1]"
mergedImage_358,"[1, 1, 0, 0, 0]"
mergedImage_359,"[2, 2, 1, 0, 1]"
mergedImage_360,"[0, 1, 1, 2, 0]"
mergedImage_361,"[2, 1, 0, 0, 1]"
mergedImage_362,"[1, 2, 0, 1, 0]"
mergedImage_363,"[1, 0, 0, 1, 0]"
mergedImage_364,"[1, 1, 1, 0, 1]"
mergedImage_365,"[1, 0, 0, 1, 3]"
mergedImage_366,"[0, 1, 0, 2, 2]"
mergedImage_367,"[3, 2, 0, 1, 0]"
mergedImage_368,"[2, 1, 0, 1, 0]"
mergedImage_369,"[1, 0, 0, 1, 0]"
mergedImage_370,"[0, 1, 0, 1, 0]"
mergedImage_371,"[3, 1, 0, 1, 1]"
mergedImage_372,"[0, 0, 1, 2, 1]"
mergedImage_373,"[0, 0, 0, 1, 1]"
mergedImage_374,"[0, 1, 0, 1, 0]"
mergedImage_375,"[1, 2, 2, 0, 1]"
mergedImage_376,"[2, 0, 2, 1, 1]"
mergedImage_377,"[0, 3, 2, 0, 1]"
mergedImage_378,"[1, 0, 1, 1, 3]"
mergedImage_379,"[1, 1, 0, 0, 0]"
mergedImage_380,"[0, 1, 0, 1, 0]"
mergedImage_381,"[0, 0, 1, 3, 0]"
mergedImage_382,"[0, 2, 0, 0, 0]"
mergedImage_383,"[1, 0, 1, 1, 2]"
mergedImage_384,"[0, 2, 0, 0, 1]"
mergedImage_385,"[2, 1, 1, 2, 0]"
mergedImage_386,"[0, 1, 3, 2, 0]"
mergedImage_387,"[0, 1, 1, 0, 0]"
mergedImage_388,"[1, 0, 0, 3, 1]"
mergedImage_389,"[2, 0, 1, 0, 0]"
mergedImage_390,"[0, 0, 1, 1, 2]"
mergedImage_391,"[1, 1, 0, 0, 1]"
mergedImage_392,"[1, 1, 2, 1, 0]"
mergedImage_393,"[1, 1, 0, 0, 0]"
mergedImage_394,"[2, 1, 1, 0, 2]"
mergedImage_395,"[1, 1, 1, 0, 0]"
mergedImage_396,"[1, 0, 1, 1, 1]"
mergedImage_397,"[1, 0, 0, 2, 2]"
mergedImage_398,"[2, 3, 1, 0, 0]"
mergedImage_399,"[1, 0, 0, 1, 0]"
mergedImage_400,"[2, 2, 0, 0, 0]"
mergedImage_401,"[0, 2, 1, 2, 0]"
mergedImage_402,"[1, 0, 1, 0, 0]"
mergedImage_403,"[2, 1, 1, 1, 0]"
mergedImage_404,"[2, 0, 1, 1, 0]"
mergedImage_405,"[1, 1, 0, 2, 1]"
mergedImage_406,"[1, 1, 1, 0, 2]"
mergedImage_407,"[1, 1, 1, 3, 0]"
mergedImage_408,"[0, 0, 2, 2, 0]"
mergedImage_409,"[1, 0, 1, 0, 2]"
mergedImage_410,"[1, 0, 1, 0, 0]"
mergedImage_411,"[0, 0, 3, 1, 1]"
mergedImage_412,"[3, 0, 1, 1, 1]"
mergedImage_413,"[2, 0, 1, 0, 3]"
mergedImage_414,"[2, 0, 0, 0, 1]"
mergedImage_415,"[0, 0, 1, 0, 1]"
mergedImage_416,"[0, 2, 1, 0, 0]"
mergedImage_417,"[1, 1, 0, 0, 0]"
mergedImage_418,"[2, 1, 2, 1, 0]"
mergedImage_419,"[0, 0, 0, 1, 1]"
mergedImage_420,"[2, 2, 1, 0, 0]"
mergedImage_421,"[0, 2, 0, 1, 1]"
mergedImage_422,"[1, 1, 1, 0, 1]"
mergedImage_423,"[2, 0, 0, 0, 1]"
mergedImage_424,"[1, 1, 0, 3, 1]"
mergedImage_425,"[1, 0, 1, 0, 1]"
mergedImage_426,"[1, 2, 0, 0, 0]"
mergedImage_427,"[0, 0, 1, 0, 2]"
mergedImage_428,"[1, 1, 1, 1, 1]"
mergedImage_429,"[0, 1, 0, 2, 0]"
mergedImage_430,"[1, 1, 0, 1, 1]"
mergedImage_431,"[4, 1, 0, 0, 1]"
mergedImage_432,"[1, 1, 0, 1, 2]"
mergedImage_433,"[1, 0, 1, 1, 0]"
mergedImage_434,"[0, 0, 1, 1, 0]"
mergedImage_435,"[0, 1, 0, 1, 0]"
mergedImage_436,"[1, 3, 0, 1, 1]"
mergedImage_437,"[0, 1, 2, 1, 1]"
mergedImage_438,"[0, 0, 0, 0, 2]"
mergedImage_439,"[0, 2, 2, 0, 0]"
mergedImage_440,"[1, 0, 2, 3, 0]"
mergedImage_441,"[0, 2, 2, 1, 0]"
mergedImage_442,"[2, 1, 1, 0, 1]"
mergedImage_443,"[0, 1, 0, 0, 1]"
mergedImage_444,"[1, 0, 3, 2, 0]"
mergedImage_445,"[0, 1, 1, 1, 1]"
mergedImage_446,"[0, 1, 0, 1, 2]"
mergedImage_447,"[1, 2, 1, 0, 2]"
mergedImage_448,"[1, 0, 0, 2, 1]"
mergedImage_449,"[1, 2, 0, 0, 2]"
mergedImage_450,"[0, 0, 1, 1, 1]"
mergedImage_451,"[1, 0, 3, 0, 0]"
mergedImage_452,"[1, 1, 0, 1, 0]"
mergedImage_453,"[1, 0, 1, 3, 1]"
mergedImage_454,"[1, 1, 1, 1, 1]"
mergedImage_455,"[0, 0, 0, 3, 1]"
mergedImage_456,"[1, 0, 0, 0, 1]"
mergedImage_457,"[1, 0, 2, 3, 0]"
mergedImage_458,"[2, 0, 1, 0, 1]"
mergedImage_459,"[0, 1, 2, 1, 1]"
mergedImage_460,"[0, 1, 1, 2, 0]"
mergedImage_461,"[0, 0, 2, 0, 0]"
mergedImage_462,"[0, 1, 0, 1, 2]"
mergedImage_463,"[1, 2, 1, 0, 1]"
mergedImage_464,"[1, 4, 0, 0, 1]"
mergedImage_465,"[0, 1, 0, 0, 3]"
mergedImage_466,"[0, 2, 0, 0, 0]"
mergedImage_467,"[0, 0, 2, 0, 0]"
mergedImage_468,"[3, 1, 0, 0, 2]"
mergedImage_469,"[0, 0, 0, 1, 1]"
mergedImage_470,"[0, 1, 1, 1, 2]"
mergedImage_471,"[1, 0, 1, 1, 1]"
mergedImage_472,"[2, 0, 0, 2, 2]"
mergedImage_473,"[1, 0, 2, 1, 0]"
mergedImage_474,"[0, 3, 2, 0, 1]"
mergedImage_475,"[1, 1, 2, 0, 0]"
mergedImage_476,"[0, 2, 1, 2, 1]"
mergedImage_477,"[0, 0, 0, 2, 2]"
mergedImage_478,"[0, 1, 3, 2, 0]"
mergedImage_479,"[2, 1, 0, 0, 0]"
mergedImage_480,"[1, 1, 2, 0, 0]"
mergedImage_481,"[2, 0, 0, 0, 1]"
mergedImage_482,"[0, 0, 1, 1, 0]"
mergedImage_483,"[0, 2, 1, 0, 2]"
mergedImage_484,"[0, 0, 2, 3, 1]"
mergedImage_485,"[1, 1, 2, 1, 0]"
mergedImage_486,"[0, 2, 1, 2, 1]"
mergedImage_487,"[2, 1, 0, 2, 0]"
mergedImage_488,"[0, 2, 0, 1, 1]"
mergedImage_489,"[0, 0, 1, 1, 1]"
mergedImage_490,"[1, 1, 0, 3, 0]"
mergedImage_491,"[2, 1, 1, 0, 0]"
mergedImage_492,"[0, 1, 2, 0, 1]"
mergedImage_493,"[1, 1, 0, 0, 0]"
mergedImage_494,"[2, 1, 2, 1, 0]"
mergedImage_495,"[1, 2, 1, 2, 0]"
mergedImage_496,"[1, 0, 0, 1, 1]"
mergedImage_497,"[0, 0, 2, 0, 2]"
mergedImage_498,"[1, 0, 1, 0, 1]"
mergedImage_499,"[3, 0, 2, 1, 0]"
mergedImage_500,"[0, 1, 1, 0, 0]"
mergedImage_501,"[0, 1, 1, 1, 1]"
mergedImage_502,"[1, 0, 0, 1, 1]"
mergedImage_503,"[0, 0, 1, 3, 2]"
mergedImage_504,"[0, 0, 0, 1, 4]"
mergedImage_505,"[1, 0, 1, 0, 3]"
mergedImage_506,"[1, 1, 3, 0, 1]"
mergedImage_507,"[0, 1, 1, 0, 2]"
mergedImage_508,"[1, 1, 1, 1, 0]"
mergedImage_509,"[3, 1, 0, 1, 0]"
mergedImage_510,"[2, 0, 1, 1, 0]"
mergedImage_511,"[0, 2, 3, 1, 0]"
mergedImage_512,"[0, 0, 0, 1, 1]"
mergedImage_513,"[0, 2, 1, 2, 0]"
mergedImage_514,"[0, 1, 0, 1, 1]"
mergedImage_515,"[1, 0, 1, 1, 2]"
mergedImage_516,"[0, 0, 1, 1, 0]"
mergedImage_517,"[0, 1, 0, 0, 1]"
mergedImage_518,"[1, 1, 0, 0, 0]"
mergedImage_519,"[0, 1, 0, 1, 0]"
mergedImage_520,"[1, 2, 0, 1, 1]"
mergedImage_521,"[1, 3, 0, 1, 0]"
mergedImage_522,"[0, 0, 1, 0, 1]"
mergedImage_523,"[0, 0, 2, 0, 0]"
mergedImage_524,"[2, 2, 1, 0, 0]"
mergedImage_525,"[2, 1, 1, 0, 2]"
mergedImage_526,"[0, 2, 0, 1, 1]"
mergedImage_527,"[2, 0, 1, 0, 2]"
mergedImage_528,"[0, 0, 2, 1, 0]"
mergedImage_529,"[0, 0, 1, 0, 1]"
mergedImage_530,"[2, 0, 0, 1, 0]"
mergedImage_531,"[2, 0, 3, 1, 0]"
mergedImage_532,"[0, 1, 1, 0, 1]"
mergedImage_533,"[0, 1, 1, 0, 1]"
mergedImage_534,"[2, 0, 1, 0, 0]"
mergedImage_535,"[1, 0, 3, 2, 0]"
mergedImage_536,"[1, 0, 0, 0, 1]"
mergedImage_537,"[1, 1, 0, 2, 1]"
mergedImage_538,"[0, 0, 0, 0, 2]"
mergedImage_539,"[1, 0, 0, 0, 1]"
mergedImage_540,"[0, 1, 0, 1, 0]"
mergedImage_541,"[0, 0, 0, 1, 1]"
mergedImage_542,"[1, 1, 1, 1, 2]"
mergedImage_543,"[1, 1, 2, 2, 0]"
mergedImage_544,"[1, 0, 1, 0, 0]"
mergedImage_545,"[0, 0, 2, 1, 0]"
mergedImage_546,"[0, 1, 0, 1, 0]"
mergedImage_547,"[1, 1, 1, 1, 0]"
mergedImage_548,"[1, 0, 2, 1, 1]"
mergedImage_549,"[1, 2, 0, 2, 1]"
mergedImage_550,"[1, 0, 0, 0, 1]"
mergedImage_551,"[2, 0, 1, 1, 2]"
mergedImage_552,"[1, 1, 0, 2, 2]"
mergedImage_553,"[2, 1, 1, 1, 1]"
mergedImage_554,"[1, 0, 1, 0, 1]"
mergedImage_555,"[2, 0, 1, 0, 1]"
mergedImage_556,"[2, 1, 1, 1, 1]"
mergedImage_557,"[0, 1, 2, 0, 1]"
mergedImage_558,"[0, 1, 1, 3, 1]"
mergedImage_559,"[1, 0, 0, 0, 1]"
mergedImage_560,"[0, 1, 1, 1, 1]"
mergedImage_561,"[0, 0, 3, 1, 1]"
mergedImage_562,"[1, 0, 0, 1, 0]"
mergedImage_563,"[1, 0, 0, 0, 1]"
mergedImage_564,"[0, 0, 0, 1, 1]"
mergedImage_565,"[1, 1, 1, 2, 0]"
mergedImage_566,"[1, 0, 0, 0, 3]"
mergedImage_567,"[0, 1, 0, 0, 1]"
mergedImage_568,"[1, 1, 1, 1, 1]"
mergedImage_569,"[0, 1, 2, 1, 1]"
mergedImage_570,"[1, 1, 2, 2, 0]"
mergedImage_571,"[0, 1, 0, 1, 0]"
mergedImage_572,"[2, 2, 0, 1, 1]"
mergedImage_573,"[1, 1, 0, 0, 1]"
mergedImage_574,"[2, 0, 1, 1, 0]"
mergedImage_575,"[0, 3, 0, 1, 0]"
mergedImage_576,"[2, 1, 2, 0, 0]"
mergedImage_577,"[1, 0, 0, 1, 0]"
mergedImage_578,"[0, 1, 0, 1, 1]"
mergedImage_579,"[0, 1, 0, 2, 2]"
mergedImage_580,"[1, 0, 2, 2, 0]"
mergedImage_581,"[2, 0, 2, 0, 1]"
mergedImage_582,"[1, 2, 1, 0, 1]"
mergedImage_583,"[1, 0, 1, 0, 0]"
mergedImage_584,"[2, 0, 2, 1, 0]"
mergedImage_585,"[0, 3, 0, 1, 0]"
mergedImage_586,"[1, 2, 1, 1, 1]"
mergedImage_587,"[3, 1, 1, 0, 1]"
mergedImage_588,"[1, 1, 1, 1, 0]"
mergedImage_589,"[0, 3, 0, 1, 1]"
mergedImage_590,"[0, 0, 1, 1, 0]"
mergedImage_591,"[1, 1, 0, 3, 1]"
mergedImage_592,"[0, 1, 1, 1, 2]"
mergedImage_593,"[1, 1, 2, 1, 0]"
mergedImage_594,"[3, 0, 1, 1, 1]"
mergedImage_595,"[2, 0, 0, 2, 2]"
mergedImage_596,"[0, 2, 0, 0, 1]"
mergedImage_597,"[1, 1, 0, 0, 1]"
mergedImage_598,"[2, 0, 1, 1, 0]"
mergedImage_599,"[0, 1, 1, 1, 3]"
mergedImage_600,"[1, 0, 0, 0, 1]"
mergedImage_601,"[2, 0, 0, 0, 0]"
mergedImage_602,"[0, 2, 1, 2, 1]"
mergedImage_603,"[0, 3, 1, 1, 1]"
mergedImage_604,"[2, 1, 1, 0, 1]"
mergedImage_605,"[1, 1, 1, 0, 0]"
mergedImage_606,"[0, 1, 1, 0, 1]"
mergedImage_607,"[0, 0, 0, 0, 3]"
mergedImage_608,"[2, 2, 0, 0, 0]"
mergedImage_609,"[1, 0, 2, 1, 2]"
mergedImage_610,"[0, 2, 0, 1, 0]"
mergedImage_611,"[0, 1, 0, 2, 0]"
mergedImage_612,"[0, 0, 1, 1, 0]"
mergedImage_613,"[0, 0, 0, 2, 0]"
mergedImage_614,"[0, 1, 0, 1, 0]"
mergedImage_615,"[0, 1, 2, 2, 0]"
mergedImage_616,"[0, 0, 0, 1, 1]"
mergedImage_617,"[0, 0, 1, 1, 1]"
mergedImage_618,"[3, 0, 0, 2, 1]"
mergedImage_619,"[0, 0, 1, 4, 1]"
mergedImage_620,"[0, 0, 1, 1, 2]"
mergedImage_621,"[1, 2, 0, 1, 2]"
mergedImage_622,"[0, 1, 0, 1, 2]"
mergedImage_623,"[1, 2, 1, 1, 1]"
mergedImage_624,"[1, 0, 1, 1, 3]"
mergedImage_625,"[0, 0, 0, 2, 0]"
mergedImage_626,"[0, 0, 0, 2, 0]"
mergedImage_627,"[1, 1, 3, 1, 0]"
mergedImage_628,"[1, 1, 1, 0, 1]"
mergedImage_629,"[0, 1, 1, 0, 1]"
mergedImage_630,"[0, 2, 0, 1, 2]"
mergedImage_631,"[1, 1, 2, 1, 1]"
mergedImage_632,"[0, 1, 1, 1, 0]"
mergedImage_633,"[0, 1, 0, 0, 2]"
mergedImage_634,"[1, 3, 1, 0, 1]"
mergedImage_635,"[0, 0, 0, 0, 2]"
mergedImage_636,"[1, 1, 3, 0, 0]"
mergedImage_637,"[1, 2, 0, 0, 1]"
mergedImage_638,"[0, 1, 2, 0, 1]"
mergedImage_639,"[1, 0, 1, 2, 0]"
mergedImage_640,"[1, 1, 1, 2, 1]"
mergedImage_641,"[0, 0, 2, 2, 1]"
mergedImage_642,"[0, 2, 0, 0, 1]"
mergedImage_643,"[0, 0, 1, 0, 1]"
mergedImage_644,"[0, 1, 1, 0, 1]"
mergedImage_645,"[1, 2, 1, 1, 1]"
mergedImage_646,"[0, 0, 1, 0, 1]"
mergedImage_647,"[2, 1, 0, 1, 2]"
mergedImage_648,"[0, 0, 2, 0, 1]"
mergedImage_649,"[0, 1, 0, 2, 0]"
mergedImage_650,"[0, 1, 1, 0, 4]"
mergedImage_651,"[0, 3, 1, 0, 1]"
mergedImage_652,"[1, 0, 1, 0, 0]"
mergedImage_653,"[1, 2, 0, 0, 1]"
mergedImage_654,"[1, 2, 1, 0, 1]"
mergedImage_655,"[0, 0, 1, 0, 2]"
mergedImage_656,"[0, 0, 2, 1, 1]"
mergedImage_657,"[0, 1, 0, 1, 0]"
mergedImage_658,"[2, 0, 0, 0, 0]"
mergedImage_659,"[1, 1, 1, 0, 0]"
mergedImage_660,"[1, 0, 0, 1, 2]"
mergedImage_661,"[0, 1, 2, 1, 2]"
mergedImage_662,"[0, 0, 2, 1, 1]"
mergedImage_663,"[2, 0, 0, 1, 0]"
mergedImage_664,"[2, 0, 1, 0, 0]"
mergedImage_665,"[0, 0, 2, 1, 2]"
mergedImage_666,"[1, 0, 0, 2, 0]"
mergedImage_667,"[0, 1, 1, 2, 0]"
mergedImage_668,"[0, 1, 1, 1, 0]"
mergedImage_669,"[1, 1, 1, 1, 0]"
mergedImage_670,"[0, 1, 1, 1, 1]"
mergedImage_671,"[1, 2, 0, 1, 0]"
mergedImage_672,"[2, 0, 1, 0, 0]"
mergedImage_673,"[0, 2, 0, 0, 1]"
mergedImage_674,"[0, 1, 1, 1, 1]"
mergedImage_675,"[1, 0, 1, 1, 0]"
mergedImage_676,"[0, 0, 0, 0, 5]"
mergedImage_677,"[1, 1, 0, 0, 1]"
mergedImage_678,"[2, 1, 0, 1, 1]"
mergedImage_679,"[1, 0, 0, 2, 0]"
mergedImage_680,"[0, 2, 0, 0, 0]"
mergedImage_681,"[0, 0, 0, 1, 1]"
mergedImage_682,"[1, 1, 0, 1, 1]"
mergedImage_683,"[0, 1, 2, 0, 3]"
mergedImage_684,"[0, 1, 3, 1, 1]"
mergedImage_685,"[0, 2, 0, 1, 2]"
mergedImage_686,"[0, 3, 1, 0, 1]"
mergedImage_687,"[1, 1, 3, 1, 0]"
mergedImage_688,"[0, 1, 0, 1, 0]"
mergedImage_689,"[0, 1, 0, 0, 1]"
mergedImage_690,"[0, 1, 1, 0, 3]"
mergedImage_691,"[1, 0, 1, 1, 1]"
mergedImage_692,"[2, 1, 1, 1, 1]"
mergedImage_693,"[2, 3, 0, 0, 1]"
mergedImage_694,"[0, 1, 2, 1, 2]"
mergedImage_695,"[0, 0, 1, 2, 1]"
mergedImage_696,"[0, 1, 1, 1, 1]"
mergedImage_697,"[1, 2, 0, 0, 0]"
mergedImage_698,"[1, 1, 0, 2, 0]"
mergedImage_699,"[0, 1, 2, 2, 1]"
mergedImage_700,"[0, 2, 0, 2, 1]"
mergedImage_701,"[1, 1, 0, 0, 0]"
mergedImage_702,"[0, 2, 0, 0, 1]"
mergedImage_703,"[1, 1, 2, 0, 2]"
mergedImage_704,"[3, 0, 1, 0, 2]"
mergedImage_705,"[2, 3, 0, 0, 0]"
mergedImage_706,"[0, 3, 1, 1, 1]"
mergedImage_707,"[2, 1, 1, 0, 0]"
mergedImage_708,"[0, 4, 0, 1, 0]"
mergedImage_709,"[1, 0, 1, 1, 0]"
mergedImage_710,"[0, 1, 0, 1, 0]"
mergedImage_711,"[1, 1, 0, 1, 2]"
mergedImage_712,"[1, 0, 1, 3, 0]"
mergedImage_713,"[0, 0, 2, 1, 0]"
mergedImage_714,"[1, 0, 3, 1, 0]"
mergedImage_715,"[2, 0, 1, 0, 1]"
mergedImage_716,"[2, 0, 2, 1, 0]"
mergedImage_717,"[1, 0, 0, 0, 2]"
mergedImage_718,"[1, 0, 0, 2, 0]"
mergedImage_719,"[0, 1, 2, 2, 1]"
mergedImage_720,"[1, 0, 0, 1, 1]"
mergedImage_721,"[0, 1, 0, 0, 1]"
mergedImage_722,"[0, 0, 1, 2, 0]"
mergedImage_723,"[1, 0, 2, 1, 1]"
mergedImage_724,"[2, 1, 1, 1, 0]"
mergedImage_725,"[2, 1, 2, 1, 0]"
mergedImage_726,"[0, 0, 0, 1, 1]"
mergedImage_727,"[0, 0, 1, 0, 1]"
mergedImage_728,"[1, 1, 0, 2, 2]"
mergedImage_729,"[0, 0, 0, 0, 2]"
mergedImage_730,"[3, 1, 0, 1, 1]"
mergedImage_731,"[0, 1, 0, 1, 2]"
mergedImage_732,"[0, 0, 2, 0, 0]"
mergedImage_733,"[2, 1, 0, 1, 2]"
mergedImage_734,"[1, 1, 3, 0, 1]"
mergedImage_735,"[1, 0, 1, 0, 0]"
mergedImage_736,"[1, 0, 2, 2, 0]"
mergedImage_737,"[1, 1, 1, 0, 1]"
mergedImage_738,"[1, 0, 2, 1, 2]"
mergedImage_739,"[1, 2, 0, 0, 0]"
mergedImage_740,"[0, 2, 1, 0, 0]"
mergedImage_741,"[1, 1, 0, 0, 1]"
mergedImage_742,"[0, 0, 0, 1, 1]"
mergedImage_743,"[0, 1, 1, 2, 0]"
mergedImage_744,"[0, 1, 1, 1, 2]"
mergedImage_745,"[2, 1, 0, 1, 2]"
mergedImage_746,"[2, 1, 0, 0, 2]"
mergedImage_747,"[1, 2, 0, 2, 1]"
mergedImage_748,"[0, 1, 0, 0, 1]"
mergedImage_749,"[0, 0, 1, 1, 0]"
mergedImage_750,"[0, 0, 2, 1, 2]"
mergedImage_751,"[0, 2, 2, 0, 2]"
mergedImage_752,"[3, 0, 1, 1, 0]"
mergedImage_753,"[0, 1, 0, 0, 1]"
mergedImage_754,"[0, 1, 1, 0, 0]"
mergedImage_755,"[0, 2, 1, 2, 1]"
mergedImage_756,"[0, 2, 1, 2, 1]"
mergedImage_757,"[1, 1, 1, 3, 0]"
mergedImage_758,"[2, 2, 1, 0, 1]"
mergedImage_759,"[1, 0, 2, 0, 0]"
mergedImage_760,"[3, 0, 0, 2, 1]"
mergedImage_761,"[1, 1, 0, 3, 1]"
mergedImage_762,"[2, 1, 0, 0, 0]"
mergedImage_763,"[0, 1, 2, 0, 0]"
mergedImage_764,"[0, 1, 0, 3, 1]"
mergedImage_765,"[1, 2, 0, 1, 1]"
mergedImage_766,"[0, 0, 1, 0, 3]"
mergedImage_767,"[0, 3, 3, 0, 0]"
mergedImage_768,"[1, 1, 0, 1, 0]"
mergedImage_769,"[1, 1, 0, 1, 0]"
mergedImage_770,"[0, 0, 0, 0, 3]"
mergedImage_771,"[0, 0, 2, 3, 0]"
mergedImage_772,"[1, 2, 0, 1, 0]"
mergedImage_773,"[1, 0, 1, 0, 0]"
mergedImage_774,"[0, 0, 1, 0, 2]"
mergedImage_775,"[0, 2, 3, 0, 1]"
mergedImage_776,"[1, 0, 0, 1, 2]"
mergedImage_777,"[2, 0, 0, 0, 0]"
mergedImage_778,"[0, 1, 0, 0, 1]"
mergedImage_779,"[0, 1, 1, 1, 0]"
mergedImage_780,"[1, 0, 0, 0, 3]"
mergedImage_781,"[0, 1, 2, 1, 1]"
mergedImage_782,"[1, 0, 0, 0, 2]"
mergedImage_783,"[1, 1, 0, 1, 1]"
mergedImage_784,"[0, 2, 1, 0, 0]"
mergedImage_785,"[2, 1, 1, 0, 2]"
mergedImage_786,"[2, 0, 1, 1, 1]"
mergedImage_787,"[2, 1, 0, 2, 1]"
mergedImage_788,"[1, 1, 2, 1, 1]"
mergedImage_789,"[0, 0, 2, 0, 0]"
mergedImage_790,"[2, 1, 2, 0, 0]"
mergedImage_791,"[1, 1, 2, 0, 0]"
mergedImage_792,"[1, 2, 1, 0, 2]"
mergedImage_793,"[1, 0, 2, 0, 0]"
mergedImage_794,"[0, 1, 2, 2, 0]"
mergedImage_795,"[0, 0, 4, 0, 2]"
mergedImage_796,"[1, 0, 0, 1, 0]"
mergedImage_797,"[1, 0, 1, 0, 0]"
mergedImage_798,"[0, 1, 3, 0, 0]"
mergedImage_799,"[0, 1, 1, 2, 1]"
mergedImage_800,"[0, 0, 0, 3, 0]"
mergedImage_801,"[2, 0, 1, 3, 0]"
mergedImage_802,"[1, 1, 1, 0, 1]"
mergedImage_803,"[1, 0, 0, 0, 1]"
mergedImage_804,"[1, 0, 0, 0, 1]"
mergedImage_805,"[0, 0, 2, 0, 1]"
mergedImage_806,"[0, 1, 1, 0, 4]"
mergedImage_807,"[0, 1, 2, 1, 2]"
mergedImage_808,"[0, 0, 0, 1, 1]"
mergedImage_809,"[0, 0, 1, 2, 1]"
mergedImage_810,"[1, 2, 3, 0, 0]"
mergedImage_811,"[1, 0, 0, 2, 0]"
mergedImage_812,"[0, 1, 2, 0, 0]"
mergedImage_813,"[0, 2, 0, 0, 0]"
mergedImage_814,"[1, 0, 1, 2, 0]"
mergedImage_815,"[2, 0, 0, 0, 1]"
mergedImage_816,"[1, 1, 1, 1, 2]"
mergedImage_817,"[0, 2, 0, 0, 0]"
mergedImage_818,"[1, 3, 1, 0, 1]"
mergedImage_819,"[0, 0, 1, 1, 3]"
mergedImage_820,"[0, 1, 0, 1, 0]"
mergedImage_821,"[1, 1, 0, 0, 3]"
mergedImage_822,"[0, 1, 2, 2, 0]"
mergedImage_823,"[1, 0, 0, 1, 1]"
mergedImage_824,"[2, 1, 1, 0, 1]"
mergedImage_825,"[0, 1, 0, 1, 1]"
mergedImage_826,"[1, 2, 0, 0, 1]"
mergedImage_827,"[0, 2, 2, 0, 2]"
mergedImage_828,"[0, 2, 1, 0, 1]"
mergedImage_829,"[0, 0, 1, 2, 2]"
mergedImage_830,"[0, 0, 2, 3, 1]"
mergedImage_831,"[1, 0, 2, 0, 0]"
mergedImage_832,"[0, 0, 0, 2, 1]"
mergedImage_833,"[1, 1, 3, 1, 0]"
mergedImage_834,"[0, 2, 1, 0, 0]"
mergedImage_835,"[1, 1, 3, 0, 0]"
mergedImage_836,"[0, 0, 2, 1, 0]"
mergedImage_837,"[0, 3, 1, 1, 1]"
mergedImage_838,"[0, 0, 0, 1, 1]"
mergedImage_839,"[1, 0, 0, 1, 0]"
mergedImage_840,"[0, 1, 1, 2, 2]"
mergedImage_841,"[0, 1, 0, 1, 0]"
mergedImage_842,"[0, 1, 0, 0, 2]"
mergedImage_843,"[1, 0, 1, 1, 1]"
mergedImage_844,"[1, 0, 0, 1, 1]"
mergedImage_845,"[2, 4, 0, 0, 0]"
mergedImage_846,"[0, 1, 1, 1, 1]"
mergedImage_847,"[0, 2, 1, 0, 3]"
mergedImage_848,"[0, 0, 1, 0, 1]"
mergedImage_849,"[1, 1, 0, 0, 0]"
mergedImage_850,"[2, 0, 2, 0, 0]"
mergedImage_851,"[0, 1, 0, 0, 1]"
mergedImage_852,"[1, 0, 3, 0, 0]"
mergedImage_853,"[1, 1, 0, 0, 0]"
mergedImage_854,"[2, 1, 0, 1, 1]"
mergedImage_855,"[1, 1, 1, 0, 0]"
mergedImage_856,"[2, 1, 0, 0, 3]"
mergedImage_857,"[0, 2, 1, 0, 0]"
mergedImage_858,"[0, 0, 0, 1, 1]"
mergedImage_859,"[1, 0, 0, 1, 0]"
mergedImage_860,"[0, 1, 1, 0, 1]"
mergedImage_861,"[0, 1, 1, 0, 0]"
mergedImage_862,"[0, 2, 2, 0, 0]"
mergedImage_863,"[0, 1, 1, 0, 0]"
mergedImage_864,"[0, 2, 2, 0, 0]"
mergedImage_865,"[0, 1, 1, 0, 0]"
mergedImage_866,"[0, 0, 1, 0, 1]"
mergedImage_867,"[0, 0, 1, 1, 2]"
mergedImage_868,"[1, 1, 0, 0, 0]"
mergedImage_869,"[0, 4, 0, 1, 1]"
mergedImage_870,"[0, 2, 0, 0, 0]"
mergedImage_871,"[0, 1, 1, 1, 0]"
mergedImage_872,"[0, 0, 1, 2, 0]"
mergedImage_873,"[2, 2, 0, 1, 1]"
mergedImage_874,"[3, 0, 0, 0, 0]"
mergedImage_875,"[0, 1, 0, 1, 0]"
mergedImage_876,"[1, 1, 1, 1, 0]"
mergedImage_877,"[1, 1, 2, 0, 2]"
mergedImage_878,"[1, 2, 1, 0, 0]"
mergedImage_879,"[0, 0, 1, 1, 2]"
mergedImage_880,"[0, 0, 0, 1, 2]"
mergedImage_881,"[1, 1, 1, 0, 1]"
mergedImage_882,"[0, 0, 2, 0, 1]"
mergedImage_883,"[0, 0, 0, 2, 0]"
mergedImage_884,"[0, 3, 1, 1, 0]"
mergedImage_885,"[1, 0, 2, 0, 0]"
mergedImage_886,"[1, 1, 0, 1, 0]"
mergedImage_887,"[0, 1, 1, 2, 0]"
mergedImage_888,"[0, 1, 0, 1, 0]"
mergedImage_889,"[1, 1, 1, 0, 0]"
mergedImage_890,"[3, 0, 1, 2, 0]"
mergedImage_891,"[0, 1, 0, 1, 1]"
mergedImage_892,"[1, 3, 1, 1, 0]"
mergedImage_893,"[0, 1, 2, 0, 0]"
mergedImage_894,"[1, 0, 1, 0, 0]"
mergedImage_895,"[1, 0, 1, 1, 0]"
mergedImage_896,"[1, 2, 0, 2, 0]"
mergedImage_897,"[1, 0, 1, 1, 0]"
mergedImage_898,"[0, 1, 1, 0, 0]"
mergedImage_899,"[0, 0, 1, 0, 1]"
mergedImage_900,"[0, 0, 1, 2, 0]"
mergedImage_901,"[2, 0, 1, 1, 1]"
mergedImage_902,"[0, 1, 2, 1, 1]"
mergedImage_903,"[1, 0, 1, 1, 0]"
mergedImage_904,"[1, 1, 2, 0, 2]"
mergedImage_905,"[1, 1, 3, 0, 0]"
mergedImage_906,"[0, 1, 1, 2, 2]"
mergedImage_907,"[2, 0, 0, 0, 0]"
mergedImage_908,"[1, 1, 1, 1, 1]"
mergedImage_909,"[1, 1, 0, 1, 1]"
mergedImage_910,"[0, 1, 1, 0, 0]"
mergedImage_911,"[0, 1, 1, 0, 1]"
mergedImage_912,"[1, 1, 0, 0, 2]"
mergedImage_913,"[1, 0, 1, 0, 0]"
mergedImage_914,"[3, 0, 0, 2, 0]"
mergedImage_915,"[1, 0, 1, 0, 0]"
mergedImage_916,"[3, 0, 1, 0, 1]"
mergedImage_917,"[0, 1, 0, 2, 1]"
mergedImage_918,"[1, 0, 2, 0, 2]"
mergedImage_919,"[1, 0, 2, 1, 0]"
mergedImage_920,"[0, 2, 1, 2, 1]"
mergedImage_921,"[0, 4, 0, 1, 1]"
mergedImage_922,"[0, 2, 0, 0, 3]"
mergedImage_923,"[0, 1, 0, 1, 2]"
mergedImage_924,"[0, 0, 3, 2, 0]"
mergedImage_925,"[0, 2, 0, 3, 1]"
mergedImage_926,"[1, 1, 0, 0, 1]"
mergedImage_927,"[1, 0, 1, 2, 0]"
mergedImage_928,"[1, 1, 2, 0, 2]"
mergedImage_929,"[2, 1, 1, 0, 0]"
mergedImage_930,"[1, 0, 0, 0, 2]"
mergedImage_931,"[0, 0, 1, 2, 2]"
mergedImage_932,"[1, 1, 0, 0, 0]"
mergedImage_933,"[0, 2, 2, 0, 1]"
mergedImage_934,"[2, 1, 1, 1, 1]"
mergedImage_935,"[2, 1, 0, 1, 0]"
mergedImage_936,"[0, 2, 1, 1, 0]"
mergedImage_937,"[0, 1, 1, 1, 0]"
mergedImage_938,"[0, 1, 1, 1, 2]"
mergedImage_939,"[0, 1, 0, 1, 0]"
mergedImage_940,"[0, 0, 0, 2, 0]"
mergedImage_941,"[1, 1, 0, 1, 3]"
mergedImage_942,"[0, 1, 1, 0, 0]"
mergedImage_943,"[2, 0, 1, 0, 2]"
mergedImage_944,"[0, 0, 0, 2, 1]"
mergedImage_945,"[0, 1, 2, 0, 0]"
mergedImage_946,"[0, 2, 2, 0, 0]"
mergedImage_947,"[0, 1, 1, 2, 0]"
mergedImage_948,"[1, 1, 1, 0, 1]"
mergedImage_949,"[1, 0, 1, 0, 0]"
mergedImage_950,"[1, 0, 0, 2, 2]"
mergedImage_951,"[1, 1, 1, 0, 0]"
mergedImage_952,"[0, 1, 1, 1, 1]"
mergedImage_953,"[0, 1, 1, 0, 0]"
mergedImage_954,"[1, 1, 1, 1, 0]"
mergedImage_955,"[0, 0, 3, 2, 1]"
mergedImage_956,"[0, 2, 0, 1, 1]"
mergedImage_957,"[0, 1, 0, 1, 0]"
mergedImage_958,"[0, 2, 0, 1, 1]"
mergedImage_959,"[1, 1, 1, 2, 1]"
mergedImage_960,"[1, 1, 1, 0, 0]"
mergedImage_961,"[0, 0, 1, 2, 0]"
mergedImage_962,"[1, 0, 1, 1, 0]"
mergedImage_963,"[1, 0, 0, 1, 2]"
mergedImage_964,"[1, 0, 1, 0, 2]"
mergedImage_965,"[0, 0, 1, 0, 1]"
mergedImage_966,"[0, 0, 1, 1, 1]"
mergedImage_967,"[1, 0, 1, 0, 2]"
mergedImage_968,"[0, 1, 1, 0, 0]"
mergedImage_969,"[0, 2, 1, 1, 1]"
mergedImage_970,"[2, 1, 0, 1, 0]"
mergedImage_971,"[2, 0, 0, 1, 1]"
mergedImage_972,"[1, 0, 1, 1, 1]"
mergedImage_973,"[2, 0, 2, 2, 0]"
mergedImage_974,"[3, 1, 0, 1, 1]"
mergedImage_975,"[1, 2, 2, 0, 1]"
mergedImage_976,"[1, 2, 1, 1, 1]"
mergedImage_977,"[0, 1, 1, 1, 2]"
mergedImage_978,"[2, 0, 0, 0, 1]"
mergedImage_979,"[2, 0, 0, 0, 0]"
mergedImage_980,"[0, 0, 1, 0, 1]"
mergedImage_981,"[2, 0, 2, 2, 0]"
mergedImage_982,"[2, 0, 1, 0, 1]"
mergedImage_983,"[2, 0, 1, 1, 2]"
mergedImage_984,"[2, 0, 1, 0, 1]"
mergedImage_985,"[0, 0, 1, 1, 0]"
mergedImage_986,"[2, 0, 1, 1, 1]"
mergedImage_987,"[1, 0, 1, 0, 0]"
mergedImage_988,"[0, 2, 0, 0, 0]"
mergedImage_989,"[0, 1, 1, 0, 2]"
mergedImage_990,"[0, 1, 3, 2, 0]"
mergedImage_991,"[1, 1, 1, 2, 0]"
mergedImage_992,"[0, 1, 0, 1, 0]"
mergedImage_993,"[0, 1, 1, 1, 2]"
mergedImage_994,"[1, 0, 1, 1, 1]"
mergedImage_995,"[1, 1, 0, 0, 1]"
mergedImage_996,"[0, 1, 0, 1, 1]"
mergedImage_997,"[0, 0, 0, 2, 2]"
mergedImage_998,"[3, 1, 0, 2, 0]"
mergedImage_999,"[0, 0, 0, 2, 3]"
mergedImage_1000,"[0, 1, 0, 1, 1]"
mergedImage_1001,"[2, 1, 0, 1, 0]"
mergedImage_1002,"[0, 1, 2, 0, 0]"
mergedImage_1003,"[1, 1, 2, 1, 0]"
mergedImage_1004,"[2, 2, 0, 1, 0]"
mergedImage_1005,"[0, 1, 1, 2, 0]"
mergedImage_1006,"[0, 0, 0, 0, 3]"
mergedImage_1007,"[0, 0, 1, 1, 0]"
mergedImage_1008,"[0, 1, 1, 1, 0]"
mergedImage_1009,"[1, 1, 0, 0, 0]"
mergedImage_1010,"[1, 0, 2, 0, 0]"
mergedImage_1011,"[1, 0, 1, 2, 0]"
mergedImage_1012,"[0, 0, 3, 1, 1]"
mergedImage_1013,"[1, 2, 0, 0, 2]"
mergedImage_1014,"[2, 0, 1, 2, 1]"
mergedImage_1015,"[0, 0, 0, 3, 1]"
mergedImage_1016,"[0, 0, 2, 2, 1]"
mergedImage_1017,"[2, 0, 0, 1, 1]"
mergedImage_1018,"[1, 1, 1, 1, 0]"
mergedImage_1019,"[1, 1, 1, 0, 0]"
mergedImage_1020,"[3, 1, 1, 1, 0]"
mergedImage_1021,"[1, 1, 2, 0, 1]"
mergedImage_1022,"[0, 1, 2, 0, 0]"
mergedImage_1023,"[0, 0, 1, 0, 1]"
mergedImage_1024,"[1, 0, 3, 0, 1]"
mergedImage_1025,"[0, 0, 1, 0, 1]"
mergedImage_1026,"[0, 1, 0, 1, 2]"
mergedImage_1027,"[0, 0, 4, 0, 2]"
mergedImage_1028,"[0, 1, 1, 0, 2]"
mergedImage_1029,"[1, 1, 0, 2, 2]"
mergedImage_1030,"[0, 1, 3, 0, 1]"
mergedImage_1031,"[2, 1, 0, 0, 1]"
mergedImage_1032,"[0, 1, 0, 0, 2]"
mergedImage_1033,"[0, 1, 0, 1, 0]"
mergedImage_1034,"[0, 0, 1, 0, 1]"
mergedImage_1035,"[1, 1, 0, 1, 0]"
mergedImage_1036,"[0, 1, 1, 2, 0]"
mergedImage_1037,"[2, 0, 1, 1, 0]"
mergedImage_1038,"[4, 0, 1, 1, 0]"
mergedImage_1039,"[1, 0, 1, 1, 0]"
mergedImage_1040,"[0, 2, 0, 0, 1]"
mergedImage_1041,"[1, 0, 0, 1, 1]"
mergedImage_1042,"[0, 1, 1, 1, 0]"
mergedImage_1043,"[0, 0, 1, 0, 1]"
mergedImage_1044,"[0, 0, 1, 1, 1]"
mergedImage_1045,"[0, 2, 0, 1, 1]"
mergedImage_1046,"[2, 1, 1, 0, 2]"
mergedImage_1047,"[0, 1, 1, 1, 1]"
mergedImage_1048,"[0, 2, 0, 2, 0]"
mergedImage_1049,"[1, 1, 1, 1, 0]"
mergedImage_1050,"[1, 1, 3, 1, 0]"
mergedImage_1051,"[1, 0, 3, 0, 0]"
mergedImage_1052,"[0, 1, 1, 0, 0]"
mergedImage_1053,"[1, 1, 1, 1, 2]"
mergedImage_1054,"[0, 0, 1, 0, 1]"
mergedImage_1055,"[2, 0, 0, 0, 2]"
mergedImage_1056,"[0, 2, 0, 1, 1]"
mergedImage_1057,"[1, 2, 0, 1, 2]"
mergedImage_1058,"[0, 1, 1, 0, 0]"
mergedImage_1059,"[2, 1, 1, 0, 1]"
mergedImage_1060,"[0, 0, 1, 0, 1]"
mergedImage_1061,"[0, 0, 2, 1, 0]"
mergedImage_1062,"[0, 0, 3, 0, 0]"
mergedImage_1063,"[0, 2, 1, 2, 1]"
mergedImage_1064,"[0, 1, 1, 2, 1]"
mergedImage_1065,"[0, 0, 3, 2, 1]"
mergedImage_1066,"[0, 0, 2, 1, 0]"
mergedImage_1067,"[1, 1, 2, 0, 1]"
mergedImage_1068,"[1, 0, 1, 0, 0]"
mergedImage_1069,"[1, 1, 0, 2, 2]"
mergedImage_1070,"[2, 1, 1, 1, 1]"
mergedImage_1071,"[2, 1, 0, 0, 2]"
mergedImage_1072,"[2, 2, 0, 0, 2]"
mergedImage_1073,"[1, 0, 0, 0, 1]"
mergedImage_1074,"[1, 0, 1, 0, 2]"
mergedImage_1075,"[0, 0, 2, 0, 1]"
mergedImage_1076,"[1, 1, 1, 1, 0]"
mergedImage_1077,"[0, 1, 1, 0, 3]"
mergedImage_1078,"[0, 1, 1, 2, 1]"
mergedImage_1079,"[1, 0, 2, 1, 1]"
mergedImage_1080,"[1, 0, 0, 0, 1]"
mergedImage_1081,"[3, 1, 0, 1, 0]"
mergedImage_1082,"[0, 1, 0, 1, 0]"
mergedImage_1083,"[0, 0, 0, 1, 1]"
mergedImage_1084,"[1, 1, 0, 0, 1]"
mergedImage_1085,"[1, 3, 0, 1, 1]"
mergedImage_1086,"[2, 0, 0, 0, 0]"
mergedImage_1087,"[0, 0, 0, 1, 2]"
mergedImage_1088,"[1, 1, 1, 2, 0]"
mergedImage_1089,"[0, 0, 3, 0, 0]"
mergedImage_1090,"[0, 0, 2, 1, 0]"
mergedImage_1091,"[2, 0, 0, 1, 1]"
mergedImage_1092,"[1, 0, 1, 1, 1]"
mergedImage_1093,"[1, 1, 3, 1, 0]"
mergedImage_1094,"[0, 0, 2, 1, 2]"
mergedImage_1095,"[1, 1, 3, 1, 0]"
mergedImage_1096,"[0, 0, 1, 2, 1]"
mergedImage_1097,"[0, 1, 0, 1, 2]"
mergedImage_1098,"[3, 2, 0, 0, 0]"
mergedImage_1099,"[3, 2, 1, 0, 0]"
mergedImage_1100,"[1, 0, 1, 2, 1]"
mergedImage_1101,"[1, 1, 0, 1, 1]"
mergedImage_1102,"[1, 0, 1, 1, 0]"
mergedImage_1103,"[0, 0, 2, 2, 1]"
mergedImage_1104,"[2, 0, 1, 2, 0]"
mergedImage_1105,"[0, 0, 0, 1, 1]"
mergedImage_1106,"[0, 1, 0, 2, 0]"
mergedImage_1107,"[1, 2, 0, 3, 0]"
mergedImage_1108,"[0, 2, 1, 1, 1]"
mergedImage_1109,"[0, 2, 0, 0, 2]"
mergedImage_1110,"[1, 1, 1, 1, 2]"
mergedImage_1111,"[1, 1, 0, 1, 1]"
mergedImage_1112,"[1, 2, 0, 0, 1]"
mergedImage_1113,"[2, 0, 1, 1, 1]"
mergedImage_1114,"[2, 0, 1, 0, 0]"
mergedImage_1115,"[0, 1, 1, 0, 0]"
mergedImage_1116,"[0, 0, 0, 2, 4]"
mergedImage_1117,"[0, 0, 0, 1, 2]"
mergedImage_1118,"[0, 0, 1, 1, 0]"
mergedImage_1119,"[2, 0, 2, 0, 1]"
mergedImage_1120,"[2, 0, 0, 1, 0]"
mergedImage_1121,"[2, 2, 0, 2, 0]"
mergedImage_1122,"[1, 1, 0, 1, 1]"
mergedImage_1123,"[1, 2, 1, 2, 0]"
mergedImage_1124,"[0, 1, 2, 0, 0]"
mergedImage_1125,"[0, 1, 1, 1, 0]"
mergedImage_1126,"[0, 2, 0, 2, 1]"
mergedImage_1127,"[2, 0, 0, 0, 1]"
mergedImage_1128,"[2, 1, 1, 2, 0]"
mergedImage_1129,"[0, 1, 3, 1, 1]"
mergedImage_1130,"[1, 0, 1, 1, 1]"
mergedImage_1131,"[0, 1, 2, 0, 1]"
mergedImage_1132,"[1, 3, 1, 0, 1]"
mergedImage_1133,"[1, 0, 0, 0, 1]"
mergedImage_1134,"[1, 1, 0, 0, 0]"
mergedImage_1135,"[0, 1, 0, 1, 0]"
mergedImage_1136,"[0, 2, 1, 0, 0]"
mergedImage_1137,"[0, 1, 1, 0, 1]"
mergedImage_1138,"[1, 1, 0, 0, 1]"
mergedImage_1139,"[0, 1, 0, 0, 1]"
mergedImage_1140,"[3, 0, 0, 1, 1]"
mergedImage_1141,"[0, 0, 1, 1, 2]"
mergedImage_1142,"[1, 2, 0, 1, 1]"
mergedImage_1143,"[0, 1, 1, 2, 1]"
mergedImage_1144,"[0, 1, 1, 0, 1]"
mergedImage_1145,"[1, 1, 2, 2, 0]"
mergedImage_1146,"[2, 2, 0, 2, 0]"
mergedImage_1147,"[1, 0, 0, 1, 0]"
mergedImage_1148,"[0, 0, 2, 1, 2]"
mergedImage_1149,"[0, 2, 1, 0, 2]"
mergedImage_1150,"[1, 1, 1, 1, 0]"
mergedImage_1151,"[0, 0, 1, 2, 2]"
mergedImage_1152,"[0, 0, 1, 1, 2]"
mergedImage_1153,"[0, 0, 0, 1, 2]"
mergedImage_1154,"[0, 1, 2, 0, 2]"
mergedImage_1155,"[0, 1, 2, 1, 1]"
mergedImage_1156,"[3, 0, 1, 0, 1]"
mergedImage_1157,"[2, 0, 1, 1, 1]"
mergedImage_1158,"[1, 0, 3, 1, 1]"
mergedImage_1159,"[1, 0, 0, 1, 3]"
mergedImage_1160,"[1, 0, 2, 0, 0]"
mergedImage_1161,"[0, 0, 1, 2, 1]"
mergedImage_1162,"[1, 2, 1, 2, 0]"
mergedImage_1163,"[1, 1, 1, 0, 0]"
mergedImage_1164,"[0, 0, 1, 0, 1]"
mergedImage_1165,"[0, 0, 1, 0, 1]"
mergedImage_1166,"[0, 1, 0, 1, 1]"
mergedImage_1167,"[1, 1, 2, 1, 0]"
mergedImage_1168,"[0, 0, 1, 1, 0]"
mergedImage_1169,"[0, 0, 1, 0, 2]"
mergedImage_1170,"[1, 2, 1, 1, 1]"
mergedImage_1171,"[0, 1, 0, 1, 0]"
mergedImage_1172,"[1, 1, 0, 0, 0]"
mergedImage_1173,"[1, 0, 1, 0, 1]"
mergedImage_1174,"[3, 0, 0, 1, 0]"
mergedImage_1175,"[3, 0, 0, 0, 0]"
mergedImage_1176,"[2, 0, 0, 0, 1]"
mergedImage_1177,"[2, 0, 2, 0, 2]"
mergedImage_1178,"[0, 0, 2, 0, 0]"
mergedImage_1179,"[1, 0, 1, 1, 1]"
mergedImage_1180,"[0, 0, 0, 1, 1]"
mergedImage_1181,"[3, 1, 1, 0, 0]"
mergedImage_1182,"[1, 0, 3, 2, 0]"
mergedImage_1183,"[2, 1, 0, 0, 3]"
mergedImage_1184,"[1, 2, 0, 0, 3]"
mergedImage_1185,"[2, 1, 0, 1, 2]"
mergedImage_1186,"[3, 0, 1, 0, 0]"
mergedImage_1187,"[0, 2, 0, 0, 4]"
mergedImage_1188,"[0, 0, 1, 1, 1]"
mergedImage_1189,"[2, 0, 0, 1, 1]"
mergedImage_1190,"[0, 1, 0, 0, 1]"
mergedImage_1191,"[1, 0, 0, 0, 1]"
mergedImage_1192,"[0, 1, 1, 1, 1]"
mergedImage_1193,"[3, 1, 0, 0, 1]"
mergedImage_1194,"[1, 0, 1, 0, 1]"
mergedImage_1195,"[1, 0, 1, 2, 0]"
mergedImage_1196,"[1, 0, 0, 0, 5]"
mergedImage_1197,"[0, 2, 0, 1, 0]"
mergedImage_1198,"[0, 1, 0, 0, 2]"
mergedImage_1199,"[0, 0, 0, 2, 0]"
mergedImage_1200,"[1, 2, 0, 2, 1]"
mergedImage_1201,"[1, 0, 1, 0, 0]"
mergedImage_1202,"[2, 1, 1, 0, 1]"
mergedImage_1203,"[0, 1, 0, 0, 1]"
mergedImage_1204,"[0, 1, 1, 0, 3]"
mergedImage_1205,"[1, 2, 2, 0, 1]"
mergedImage_1206,"[2, 1, 1, 0, 0]"
mergedImage_1207,"[0, 3, 1, 0, 2]"
mergedImage_1208,"[0, 0, 2, 1, 1]"
mergedImage_1209,"[2, 0, 1, 1, 0]"
mergedImage_1210,"[1, 0, 1, 1, 1]"
mergedImage_1211,"[0, 3, 0, 0, 1]"
mergedImage_1212,"[2, 0, 1, 0, 0]"
mergedImage_1213,"[0, 1, 0, 2, 0]"
mergedImage_1214,"[1, 3, 1, 0, 0]"
mergedImage_1215,"[2, 0, 2, 0, 1]"
mergedImage_1216,"[0, 0, 0, 1, 1]"
mergedImage_1217,"[1, 1, 0, 0, 0]"
mergedImage_1218,"[0, 0, 0, 0, 2]"
mergedImage_1219,"[0, 2, 1, 0, 1]"
mergedImage_1220,"[0, 1, 2, 0, 0]"
mergedImage_1221,"[0, 1, 0, 0, 1]"
mergedImage_1222,"[1, 1, 1, 2, 0]"
mergedImage_1223,"[2, 0, 1, 1, 0]"
mergedImage_1224,"[1, 2, 1, 0, 1]"
mergedImage_1225,"[3, 1, 1, 0, 0]"
mergedImage_1226,"[0, 1, 0, 1, 2]"
mergedImage_1227,"[0, 1, 0, 0, 1]"
mergedImage_1228,"[0, 2, 0, 1, 0]"
mergedImage_1229,"[1, 1, 0, 0, 0]"
mergedImage_1230,"[0, 0, 2, 0, 2]"
mergedImage_1231,"[3, 1, 1, 0, 0]"
mergedImage_1232,"[2, 2, 0, 0, 0]"
mergedImage_1233,"[1, 2, 0, 0, 2]"
mergedImage_1234,"[2, 0, 2, 2, 0]"
mergedImage_1235,"[2, 0, 3, 0, 1]"
mergedImage_1236,"[1, 0, 3, 1, 1]"
mergedImage_1237,"[1, 3, 2, 0, 0]"
mergedImage_1238,"[1, 1, 1, 0, 1]"
mergedImage_1239,"[1, 0, 0, 1, 3]"
mergedImage_1240,"[0, 1, 1, 0, 0]"
mergedImage_1241,"[1, 2, 1, 1, 1]"
mergedImage_1242,"[1, 1, 0, 0, 1]"
mergedImage_1243,"[0, 1, 0, 1, 0]"
mergedImage_1244,"[2, 0, 1, 0, 0]"
mergedImage_1245,"[1, 2, 2, 0, 0]"
mergedImage_1246,"[0, 1, 0, 1, 0]"
mergedImage_1247,"[1, 0, 0, 2, 1]"
mergedImage_1248,"[4, 0, 1, 0, 0]"
mergedImage_1249,"[0, 1, 0, 1, 0]"
mergedImage_1250,"[1, 1, 0, 0, 0]"
mergedImage_1251,"[0, 2, 1, 0, 2]"
mergedImage_1252,"[0, 1, 2, 1, 0]"
mergedImage_1253,"[0, 0, 2, 2, 1]"
mergedImage_1254,"[1, 1, 1, 2, 1]"
mergedImage_1255,"[1, 1, 1, 0, 0]"
mergedImage_1256,"[1, 1, 1, 1, 0]"
mergedImage_1257,"[2, 1, 0, 3, 0]"
mergedImage_1258,"[0, 3, 0, 3, 0]"
mergedImage_1259,"[0, 0, 1, 0, 1]"
mergedImage_1260,"[0, 1, 1, 1, 1]"
mergedImage_1261,"[0, 2, 0, 0, 0]"
mergedImage_1262,"[2, 0, 2, 0, 1]"
mergedImage_1263,"[0, 0, 1, 1, 1]"
mergedImage_1264,"[0, 1, 0, 1, 0]"
mergedImage_1265,"[0, 2, 1, 1, 0]"
mergedImage_1266,"[2, 0, 0, 1, 2]"
mergedImage_1267,"[2, 2, 1, 0, 0]"
mergedImage_1268,"[0, 1, 2, 1, 1]"
mergedImage_1269,"[2, 0, 0, 0, 4]"
mergedImage_1270,"[0, 0, 1, 0, 2]"
mergedImage_1271,"[1, 0, 2, 0, 1]"
mergedImage_1272,"[0, 0, 2, 1, 3]"
mergedImage_1273,"[0, 1, 1, 0, 2]"
mergedImage_1274,"[0, 1, 1, 3, 1]"
mergedImage_1275,"[0, 1, 2, 1, 0]"
mergedImage_1276,"[1, 0, 2, 2, 1]"
mergedImage_1277,"[1, 1, 0, 2, 2]"
mergedImage_1278,"[0, 0, 0, 1, 2]"
mergedImage_1279,"[1, 1, 0, 0, 2]"
mergedImage_1280,"[0, 0, 0, 1, 2]"
mergedImage_1281,"[0, 0, 0, 1, 1]"
mergedImage_1282,"[1, 1, 0, 1, 1]"
mergedImage_1283,"[0, 1, 1, 2, 0]"
mergedImage_1284,"[0, 3, 0, 0, 0]"
mergedImage_1285,"[0, 0, 2, 0, 0]"
mergedImage_1286,"[1, 0, 1, 0, 1]"
mergedImage_1287,"[1, 2, 0, 0, 0]"
mergedImage_1288,"[1, 1, 1, 0, 0]"
mergedImage_1289,"[1, 1, 1, 2, 0]"
mergedImage_1290,"[0, 1, 1, 2, 2]"
mergedImage_1291,"[2, 1, 0, 0, 3]"
mergedImage_1292,"[0, 1, 0, 0, 2]"
mergedImage_1293,"[1, 2, 0, 0, 1]"
mergedImage_1294,"[0, 1, 4, 0, 0]"
mergedImage_1295,"[2, 2, 0, 1, 0]"
mergedImage_1296,"[0, 1, 1, 1, 0]"
mergedImage_1297,"[1, 0, 0, 0, 1]"
mergedImage_1298,"[1, 1, 1, 0, 0]"
mergedImage_1299,"[1, 4, 0, 0, 0]"
mergedImage_1300,"[1, 2, 0, 1, 1]"
mergedImage_1301,"[1, 1, 0, 1, 0]"
mergedImage_1302,"[1, 1, 1, 1, 1]"
mergedImage_1303,"[1, 1, 2, 0, 2]"
mergedImage_1304,"[0, 0, 0, 2, 0]"
mergedImage_1305,"[0, 1, 1, 0, 1]"
mergedImage_1306,"[2, 1, 1, 1, 1]"
mergedImage_1307,"[3, 0, 2, 0, 1]"
mergedImage_1308,"[0, 0, 0, 3, 0]"
mergedImage_1309,"[2, 0, 0, 1, 0]"
mergedImage_1310,"[1, 1, 1, 2, 1]"
mergedImage_1311,"[0, 1, 0, 2, 1]"
mergedImage_1312,"[0, 2, 0, 0, 2]"
mergedImage_1313,"[1, 0, 2, 1, 2]"
mergedImage_1314,"[0, 1, 1, 2, 0]"
mergedImage_1315,"[2, 0, 0, 0, 1]"
mergedImage_1316,"[1, 1, 1, 0, 1]"
mergedImage_1317,"[2, 1, 2, 1, 0]"
mergedImage_1318,"[0, 1, 2, 1, 2]"
mergedImage_1319,"[0, 1, 1, 0, 1]"
mergedImage_1320,"[0, 1, 0, 1, 2]"
mergedImage_1321,"[0, 0, 0, 2, 1]"
mergedImage_1322,"[1, 1, 1, 0, 0]"
mergedImage_1323,"[2, 3, 0, 0, 0]"
mergedImage_1324,"[0, 0, 0, 1, 2]"
mergedImage_1325,"[0, 0, 2, 1, 0]"
mergedImage_1326,"[2, 0, 1, 1, 2]"
mergedImage_1327,"[1, 1, 0, 0, 0]"
mergedImage_1328,"[1, 0, 1, 3, 1]"
mergedImage_1329,"[1, 1, 1, 0, 0]"
mergedImage_1330,"[0, 1, 2, 0, 0]"
mergedImage_1331,"[2, 1, 2, 1, 0]"
mergedImage_1332,"[2, 1, 1, 0, 1]"
mergedImage_1333,"[2, 0, 2, 1, 1]"
mergedImage_1334,"[4, 0, 1, 1, 0]"
mergedImage_1335,"[1, 1, 1, 1, 0]"
mergedImage_1336,"[0, 1, 1, 0, 2]"
mergedImage_1337,"[0, 1, 2, 1, 0]"
mergedImage_1338,"[1, 0, 0, 2, 3]"
mergedImage_1339,"[0, 4, 1, 1, 0]"
mergedImage_1340,"[1, 1, 2, 1, 1]"
mergedImage_1341,"[0, 0, 1, 0, 2]"
mergedImage_1342,"[1, 0, 1, 0, 2]"
mergedImage_1343,"[1, 2, 0, 1, 0]"
mergedImage_1344,"[1, 0, 0, 1, 0]"
mergedImage_1345,"[0, 0, 0, 2, 2]"
mergedImage_1346,"[1, 2, 0, 0, 1]"
mergedImage_1347,"[1, 3, 0, 0, 0]"
mergedImage_1348,"[0, 1, 0, 3, 0]"
mergedImage_1349,"[0, 2, 2, 0, 2]"
mergedImage_1350,"[0, 0, 0, 2, 1]"
mergedImage_1351,"[2, 1, 1, 0, 0]"
mergedImage_1352,"[0, 1, 0, 0, 1]"
mergedImage_1353,"[1, 2, 0, 1, 0]"
mergedImage_1354,"[0, 0, 1, 0, 2]"
mergedImage_1355,"[0, 2, 3, 0, 1]"
mergedImage_1356,"[1, 2, 1, 1, 0]"
mergedImage_1357,"[0, 1, 1, 1, 2]"
mergedImage_1358,"[0, 1, 1, 1, 0]"
mergedImage_1359,"[1, 0, 0, 1, 0]"
mergedImage_1360,"[1, 1, 0, 2, 2]"
mergedImage_1361,"[1, 0, 0, 0, 3]"
mergedImage_1362,"[1, 0, 1, 0, 0]"
mergedImage_1363,"[1, 1, 1, 2, 1]"
mergedImage_1364,"[0, 0, 1, 1, 1]"
mergedImage_1365,"[0, 0, 0, 1, 2]"
mergedImage_1366,"[0, 2, 3, 0, 0]"
mergedImage_1367,"[1, 1, 0, 2, 2]"
mergedImage_1368,"[1, 1, 2, 1, 0]"
mergedImage_1369,"[1, 2, 1, 1, 0]"
mergedImage_1370,"[1, 1, 0, 0, 1]"
mergedImage_1371,"[2, 1, 1, 1, 0]"
mergedImage_1372,"[1, 1, 0, 0, 1]"
mergedImage_1373,"[2, 0, 0, 1, 1]"
mergedImage_1374,"[0, 1, 1, 1, 1]"
mergedImage_1375,"[0, 1, 0, 1, 3]"
mergedImage_1376,"[2, 0, 0, 1, 1]"
mergedImage_1377,"[0, 1, 0, 0, 1]"
mergedImage_1378,"[2, 0, 0, 1, 0]"
mergedImage_1379,"[1, 2, 0, 0, 1]"
mergedImage_1380,"[1, 1, 1, 0, 0]"
mergedImage_1381,"[0, 1, 1, 2, 2]"
mergedImage_1382,"[1, 0, 1, 1, 2]"
mergedImage_1383,"[0, 0, 0, 2, 0]"
mergedImage_1384,"[2, 1, 0, 2, 1]"
mergedImage_1385,"[3, 0, 0, 0, 0]"
mergedImage_1386,"[1, 1, 0, 0, 3]"
mergedImage_1387,"[0, 0, 1, 2, 0]"
mergedImage_1388,"[0, 0, 0, 3, 0]"
mergedImage_1389,"[1, 1, 2, 0, 2]"
mergedImage_1390,"[0, 0, 0, 1, 1]"
mergedImage_1391,"[0, 1, 1, 0, 0]"
mergedImage_1392,"[1, 0, 1, 1, 1]"
mergedImage_1393,"[0, 2, 0, 1, 1]"
mergedImage_1394,"[0, 3, 3, 0, 0]"
mergedImage_1395,"[2, 1, 1, 0, 0]"
mergedImage_1396,"[1, 1, 0, 0, 0]"
mergedImage_1397,"[1, 0, 1, 0, 0]"
mergedImage_1398,"[1, 1, 0, 3, 0]"
mergedImage_1399,"[1, 2, 1, 0, 1]"
mergedImage_1400,"[0, 2, 1, 1, 0]"
mergedImage_1401,"[2, 0, 0, 0, 0]"
mergedImage_1402,"[1, 1, 1, 2, 0]"
mergedImage_1403,"[0, 1, 0, 1, 0]"
mergedImage_1404,"[0, 1, 1, 0, 0]"
mergedImage_1405,"[2, 0, 0, 1, 0]"
mergedImage_1406,"[0, 0, 0, 1, 1]"
mergedImage_1407,"[0, 2, 2, 1, 0]"
mergedImage_1408,"[0, 1, 1, 1, 2]"
mergedImage_1409,"[0, 1, 2, 2, 1]"
mergedImage_1410,"[2, 0, 1, 0, 1]"
mergedImage_1411,"[1, 3, 1, 0, 0]"
mergedImage_1412,"[1, 2, 1, 2, 0]"
mergedImage_1413,"[0, 2, 1, 1, 0]"
mergedImage_1414,"[0, 2, 0, 1, 2]"
mergedImage_1415,"[2, 1, 1, 1, 0]"
mergedImage_1416,"[0, 1, 0, 0, 2]"
mergedImage_1417,"[0, 0, 2, 0, 0]"
mergedImage_1418,"[0, 1, 0, 1, 1]"
mergedImage_1419,"[2, 0, 1, 1, 2]"
mergedImage_1420,"[2, 1, 0, 0, 2]"
mergedImage_1421,"[0, 1, 1, 0, 1]"
mergedImage_1422,"[1, 1, 0, 2, 0]"
mergedImage_1423,"[1, 1, 0, 1, 0]"
mergedImage_1424,"[0, 1, 3, 0, 0]"
mergedImage_1425,"[0, 0, 0, 4, 0]"
mergedImage_1426,"[1, 1, 1, 0, 0]"
mergedImage_1427,"[2, 1, 1, 0, 0]"
mergedImage_1428,"[1, 0, 1, 1, 0]"
mergedImage_1429,"[2, 2, 1, 0, 1]"
mergedImage_1430,"[0, 1, 1, 0, 1]"
mergedImage_1431,"[1, 1, 0, 1, 0]"
mergedImage_1432,"[0, 0, 0, 2, 1]"
mergedImage_1433,"[0, 0, 2, 0, 0]"
mergedImage_1434,"[1, 2, 0, 2, 1]"
mergedImage_1435,"[1, 1, 0, 2, 1]"
mergedImage_1436,"[1, 2, 2, 1, 0]"
mergedImage_1437,"[2, 2, 0, 1, 0]"
mergedImage_1438,"[1, 0, 1, 0, 3]"
mergedImage_1439,"[1, 0, 0, 0, 1]"
mergedImage_1440,"[1, 0, 0, 1, 0]"
mergedImage_1441,"[2, 0, 2, 0, 2]"
mergedImage_1442,"[2, 0, 0, 3, 1]"
mergedImage_1443,"[0, 1, 0, 0, 1]"
mergedImage_1444,"[4, 0, 0, 0, 1]"
mergedImage_1445,"[0, 0, 0, 2, 1]"
mergedImage_1446,"[2, 1, 3, 0, 0]"
mergedImage_1447,"[0, 2, 1, 0, 3]"
mergedImage_1448,"[1, 2, 2, 1, 0]"
mergedImage_1449,"[0, 0, 0, 2, 2]"
mergedImage_1450,"[1, 0, 1, 1, 0]"
mergedImage_1451,"[1, 1, 0, 1, 2]"
mergedImage_1452,"[1, 0, 1, 0, 0]"
mergedImage_1453,"[1, 0, 2, 2, 1]"
mergedImage_1454,"[1, 0, 3, 1, 1]"
mergedImage_1455,"[2, 0, 0, 0, 0]"
mergedImage_1456,"[0, 3, 0, 3, 0]"
mergedImage_1457,"[0, 0, 0, 4, 2]"
mergedImage_1458,"[1, 1, 1, 3, 0]"
mergedImage_1459,"[0, 2, 0, 1, 1]"
mergedImage_1460,"[1, 1, 0, 0, 0]"
mergedImage_1461,"[0, 3, 2, 1, 0]"
mergedImage_1462,"[1, 2, 0, 0, 2]"
mergedImage_1463,"[1, 1, 2, 0, 1]"
mergedImage_1464,"[0, 1, 2, 0, 2]"
mergedImage_1465,"[0, 1, 1, 2, 0]"
mergedImage_1466,"[0, 1, 2, 0, 1]"
mergedImage_1467,"[2, 0, 0, 0, 0]"
mergedImage_1468,"[0, 1, 0, 0, 3]"
mergedImage_1469,"[1, 0, 1, 1, 0]"
mergedImage_1470,"[0, 0, 1, 1, 0]"
mergedImage_1471,"[0, 0, 0, 1, 1]"
mergedImage_1472,"[0, 1, 0, 0, 1]"
mergedImage_1473,"[2, 1, 0, 0, 1]"
mergedImage_1474,"[0, 2, 1, 0, 1]"
mergedImage_1475,"[1, 1, 0, 0, 0]"
mergedImage_1476,"[2, 1, 0, 0, 2]"
mergedImage_1477,"[2, 0, 0, 1, 3]"
mergedImage_1478,"[0, 2, 0, 1, 3]"
mergedImage_1479,"[0, 1, 0, 0, 2]"
mergedImage_1480,"[0, 0, 2, 0, 0]"
mergedImage_1481,"[1, 1, 0, 0, 0]"
mergedImage_1482,"[1, 1, 2, 2, 0]"
mergedImage_1483,"[0, 1, 2, 1, 1]"
mergedImage_1484,"[2, 0, 0, 0, 3]"
mergedImage_1485,"[0, 2, 1, 0, 2]"
mergedImage_1486,"[3, 1, 0, 0, 1]"
mergedImage_1487,"[1, 2, 0, 2, 1]"
mergedImage_1488,"[5, 1, 0, 0, 0]"
mergedImage_1489,"[0, 1, 0, 1, 0]"
mergedImage_1490,"[2, 3, 0, 0, 0]"
mergedImage_1491,"[4, 1, 0, 0, 1]"
mergedImage_1492,"[1, 1, 1, 0, 2]"
mergedImage_1493,"[1, 1, 1, 1, 0]"
mergedImage_1494,"[0, 3, 0, 1, 2]"
mergedImage_1495,"[1, 0, 3, 1, 1]"
mergedImage_1496,"[0, 2, 1, 0, 2]"
mergedImage_1497,"[0, 0, 0, 1, 1]"
mergedImage_1498,"[0, 1, 0, 0, 1]"
mergedImage_1499,"[1, 1, 2, 1, 1]"
mergedImage_1500,"[1, 0, 0, 1, 4]"
mergedImage_1501,"[0, 0, 1, 0, 1]"
mergedImage_1502,"[0, 0, 3, 2, 1]"
mergedImage_1503,"[0, 2, 0, 0, 0]"
mergedImage_1504,"[1, 0, 0, 1, 1]"
mergedImage_1505,"[0, 0, 1, 1, 2]"
mergedImage_1506,"[2, 0, 2, 0, 2]"
mergedImage_1507,"[0, 1, 0, 0, 1]"
mergedImage_1508,"[0, 1, 2, 0, 0]"
mergedImage_1509,"[0, 0, 4, 0, 1]"
mergedImage_1510,"[0, 0, 1, 1, 0]"
mergedImage_1511,"[0, 1, 1, 0, 0]"
mergedImage_1512,"[1, 0, 0, 0, 1]"
mergedImage_1513,"[0, 1, 1, 1, 1]"
mergedImage_1514,"[1, 0, 0, 0, 1]"
mergedImage_1515,"[0, 1, 3, 0, 0]"
mergedImage_1516,"[0, 0, 2, 1, 2]"
mergedImage_1517,"[0, 0, 1, 0, 1]"
mergedImage_1518,"[1, 0, 1, 3, 1]"
mergedImage_1519,"[3, 1, 1, 1, 0]"
mergedImage_1520,"[0, 0, 0, 1, 1]"
mergedImage_1521,"[0, 0, 2, 0, 0]"
mergedImage_1522,"[2, 1, 1, 1, 1]"
mergedImage_1523,"[3, 3, 0, 0, 0]"
mergedImage_1524,"[0, 0, 1, 4, 0]"
mergedImage_1525,"[2, 1, 2, 0, 0]"
mergedImage_1526,"[0, 0, 1, 1, 0]"
mergedImage_1527,"[0, 1, 1, 0, 1]"
mergedImage_1528,"[0, 2, 0, 0, 1]"
mergedImage_1529,"[1, 0, 2, 0, 0]"
mergedImage_1530,"[1, 0, 0, 3, 0]"
mergedImage_1531,"[0, 1, 1, 0, 0]"
mergedImage_1532,"[1, 0, 0, 2, 0]"
mergedImage_1533,"[2, 0, 1, 2, 0]"
mergedImage_1534,"[1, 3, 1, 0, 0]"
mergedImage_1535,"[0, 1, 2, 0, 0]"
mergedImage_1536,"[0, 0, 2, 0, 0]"
mergedImage_1537,"[0, 2, 0, 1, 1]"
mergedImage_1538,"[1, 1, 0, 2, 1]"
mergedImage_1539,"[0, 0, 0, 1, 2]"
mergedImage_1540,"[0, 1, 1, 0, 0]"
mergedImage_1541,"[0, 0, 1, 0, 1]"
mergedImage_1542,"[0, 1, 1, 1, 1]"
mergedImage_1543,"[0, 2, 1, 1, 0]"
mergedImage_1544,"[0, 2, 0, 1, 0]"
mergedImage_1545,"[0, 2, 1, 0, 0]"
mergedImage_1546,"[1, 0, 0, 3, 1]"
mergedImage_1547,"[0, 0, 1, 0, 1]"
mergedImage_1548,"[0, 0, 2, 0, 0]"
mergedImage_1549,"[2, 0, 1, 1, 0]"
mergedImage_1550,"[0, 0, 2, 0, 1]"
mergedImage_1551,"[2, 1, 0, 0, 1]"
mergedImage_1552,"[0, 2, 1, 0, 1]"
mergedImage_1553,"[0, 0, 1, 1, 0]"
mergedImage_1554,"[0, 1, 0, 0, 1]"
mergedImage_1555,"[2, 3, 0, 1, 0]"
mergedImage_1556,"[0, 1, 0, 0, 2]"
mergedImage_1557,"[1, 1, 0, 0, 0]"
mergedImage_1558,"[0, 1, 1, 0, 0]"
mergedImage_1559,"[0, 0, 1, 2, 2]"
mergedImage_1560,"[0, 1, 1, 3, 1]"
mergedImage_1561,"[0, 1, 1, 0, 2]"
mergedImage_1562,"[0, 3, 2, 1, 0]"
mergedImage_1563,"[0, 1, 2, 2, 0]"
mergedImage_1564,"[0, 0, 1, 0, 1]"
mergedImage_1565,"[2, 0, 1, 0, 0]"
mergedImage_1566,"[0, 1, 1, 0, 0]"
mergedImage_1567,"[0, 0, 0, 1, 2]"
mergedImage_1568,"[2, 1, 0, 1, 1]"
mergedImage_1569,"[1, 2, 2, 0, 1]"
mergedImage_1570,"[1, 0, 1, 2, 0]"
mergedImage_1571,"[1, 0, 2, 0, 0]"
mergedImage_1572,"[1, 0, 2, 2, 1]"
mergedImage_1573,"[1, 0, 2, 0, 1]"
mergedImage_1574,"[1, 1, 2, 0, 0]"
mergedImage_1575,"[0, 1, 0, 2, 0]"
mergedImage_1576,"[1, 0, 1, 1, 1]"
mergedImage_1577,"[0, 0, 1, 1, 0]"
mergedImage_1578,"[1, 0, 0, 1, 0]"
mergedImage_1579,"[5, 0, 1, 0, 0]"
mergedImage_1580,"[2, 1, 2, 0, 0]"
mergedImage_1581,"[2, 1, 1, 2, 0]"
mergedImage_1582,"[1, 1, 0, 1, 2]"
mergedImage_1583,"[0, 1, 1, 0, 0]"
mergedImage_1584,"[2, 0, 0, 2, 2]"
mergedImage_1585,"[1, 0, 1, 0, 0]"
mergedImage_1586,"[0, 1, 1, 1, 1]"
mergedImage_1587,"[0, 2, 0, 2, 1]"
mergedImage_1588,"[2, 2, 0, 2, 0]"
mergedImage_1589,"[0, 1, 0, 0, 4]"
mergedImage_1590,"[1, 0, 0, 1, 1]"
mergedImage_1591,"[1, 0, 1, 0, 0]"
mergedImage_1592,"[1, 1, 0, 1, 1]"
mergedImage_1593,"[0, 1, 1, 1, 0]"
mergedImage_1594,"[0, 2, 1, 1, 1]"
mergedImage_1595,"[1, 0, 1, 0, 0]"
mergedImage_1596,"[0, 0, 0, 1, 1]"
mergedImage_1597,"[1, 2, 2, 1, 0]"
mergedImage_1598,"[1, 1, 0, 1, 0]"
mergedImage_1599,"[0, 2, 4, 0, 0]"
mergedImage_1600,"[1, 2, 2, 0, 0]"
mergedImage_1601,"[1, 0, 1, 0, 0]"
mergedImage_1602,"[1, 0, 2, 0, 0]"
mergedImage_1603,"[1, 1, 1, 0, 1]"
mergedImage_1604,"[1, 0, 1, 1, 0]"
mergedImage_1605,"[1, 0, 0, 4, 1]"
mergedImage_1606,"[0, 1, 1, 0, 1]"
mergedImage_1607,"[1, 1, 0, 0, 2]"
mergedImage_1608,"[1, 1, 1, 2, 1]"
mergedImage_1609,"[1, 0, 1, 0, 1]"
mergedImage_1610,"[2, 0, 1, 2, 0]"
mergedImage_1611,"[0, 1, 1, 3, 1]"
mergedImage_1612,"[0, 1, 1, 0, 0]"
mergedImage_1613,"[1, 0, 1, 0, 0]"
mergedImage_1614,"[0, 0, 1, 0, 2]"
mergedImage_1615,"[1, 0, 0, 1, 1]"
mergedImage_1616,"[1, 0, 0, 1, 0]"
mergedImage_1617,"[3, 0, 0, 2, 0]"
mergedImage_1618,"[0, 0, 1, 2, 0]"
mergedImage_1619,"[1, 1, 1, 2, 1]"
mergedImage_1620,"[2, 0, 3, 0, 1]"
mergedImage_1621,"[0, 1, 1, 0, 0]"
mergedImage_1622,"[2, 0, 1, 2, 0]"
mergedImage_1623,"[0, 1, 0, 1, 1]"
mergedImage_1624,"[1, 1, 0, 1, 1]"
mergedImage_1625,"[3, 2, 1, 0, 0]"
mergedImage_1626,"[1, 0, 1, 0, 0]"
mergedImage_1627,"[1, 3, 1, 0, 1]"
mergedImage_1628,"[1, 0, 0, 0, 3]"
mergedImage_1629,"[1, 1, 1, 1, 0]"
mergedImage_1630,"[1, 0, 0, 0, 1]"
mergedImage_1631,"[1, 1, 1, 0, 0]"
mergedImage_1632,"[0, 3, 0, 2, 1]"
mergedImage_1633,"[0, 0, 1, 2, 0]"
mergedImage_1634,"[1, 1, 1, 3, 0]"
mergedImage_1635,"[0, 0, 1, 0, 3]"
mergedImage_1636,"[0, 1, 1, 0, 0]"
mergedImage_1637,"[0, 0, 3, 2, 1]"
mergedImage_1638,"[2, 0, 1, 1, 1]"
mergedImage_1639,"[2, 1, 0, 1, 1]"
mergedImage_1640,"[0, 0, 1, 0, 3]"
mergedImage_1641,"[1, 2, 2, 0, 0]"
mergedImage_1642,"[0, 2, 1, 2, 1]"
mergedImage_1643,"[0, 4, 0, 0, 1]"
mergedImage_1644,"[1, 3, 0, 1, 1]"
mergedImage_1645,"[1, 0, 0, 1, 1]"
mergedImage_1646,"[1, 0, 1, 0, 1]"
mergedImage_1647,"[1, 0, 0, 1, 0]"
mergedImage_1648,"[1, 0, 0, 1, 0]"
mergedImage_1649,"[2, 3, 1, 0, 0]"
mergedImage_1650,"[1, 0, 1, 0, 0]"
mergedImage_1651,"[1, 3, 0, 1, 1]"
mergedImage_1652,"[2, 2, 0, 0, 2]"
mergedImage_1653,"[1, 0, 0, 0, 3]"
mergedImage_1654,"[0, 1, 1, 0, 0]"
mergedImage_1655,"[1, 1, 2, 0, 2]"
mergedImage_1656,"[1, 0, 0, 1, 1]"
mergedImage_1657,"[1, 0, 3, 0, 2]"
mergedImage_1658,"[1, 2, 0, 1, 1]"
mergedImage_1659,"[0, 1, 1, 0, 2]"
mergedImage_1660,"[0, 3, 1, 2, 0]"
mergedImage_1661,"[2, 0, 1, 0, 1]"
mergedImage_1662,"[0, 0, 0, 1, 1]"
mergedImage_1663,"[0, 0, 0, 2, 0]"
mergedImage_1664,"[2, 0, 0, 0, 1]"
mergedImage_1665,"[2, 0, 0, 2, 1]"
mergedImage_1666,"[0, 0, 0, 2, 1]"
mergedImage_1667,"[1, 1, 2, 0, 2]"
mergedImage_1668,"[0, 0, 0, 0, 2]"
mergedImage_1669,"[0, 0, 1, 2, 0]"
mergedImage_1670,"[1, 0, 2, 1, 0]"
mergedImage_1671,"[1, 0, 0, 0, 1]"
mergedImage_1672,"[1, 1, 0, 3, 1]"
mergedImage_1673,"[0, 0, 0, 1, 2]"
mergedImage_1674,"[1, 0, 2, 0, 0]"
mergedImage_1675,"[0, 0, 0, 0, 3]"
mergedImage_1676,"[0, 0, 0, 2, 0]"
mergedImage_1677,"[0, 0, 0, 2, 0]"
mergedImage_1678,"[1, 0, 1, 1, 0]"
mergedImage_1679,"[1, 1, 0, 1, 1]"
mergedImage_1680,"[1, 1, 0, 1, 0]"
mergedImage_1681,"[2, 0, 0, 0, 3]"
mergedImage_1682,"[0, 2, 0, 3, 0]"
mergedImage_1683,"[1, 1, 0, 1, 0]"
mergedImage_1684,"[2, 0, 1, 1, 2]"
mergedImage_1685,"[0, 0, 1, 2, 0]"
mergedImage_1686,"[1, 0, 0, 0, 2]"
mergedImage_1687,"[0, 0, 3, 1, 1]"
mergedImage_1688,"[2, 1, 0, 0, 3]"
mergedImage_1689,"[0, 0, 3, 0, 1]"
mergedImage_1690,"[1, 0, 0, 0, 1]"
mergedImage_1691,"[1, 0, 0, 0, 1]"
mergedImage_1692,"[0, 2, 2, 1, 1]"
mergedImage_1693,"[0, 1, 1, 0, 1]"
mergedImage_1694,"[0, 1, 1, 1, 2]"
mergedImage_1695,"[0, 1, 1, 0, 1]"
mergedImage_1696,"[1, 0, 0, 2, 0]"
mergedImage_1697,"[0, 0, 1, 1, 0]"
mergedImage_1698,"[0, 3, 0, 0, 2]"
mergedImage_1699,"[1, 0, 1, 0, 0]"
mergedImage_1700,"[0, 2, 1, 1, 1]"
mergedImage_1701,"[1, 3, 1, 1, 0]"
mergedImage_1702,"[1, 0, 0, 0, 1]"
mergedImage_1703,"[1, 2, 1, 1, 0]"
mergedImage_1704,"[1, 1, 1, 1, 1]"
mergedImage_1705,"[1, 2, 1, 0, 1]"
mergedImage_1706,"[1, 0, 0, 0, 1]"
mergedImage_1707,"[0, 2, 0, 1, 2]"
mergedImage_1708,"[0, 0, 1, 1, 0]"
mergedImage_1709,"[1, 1, 1, 0, 0]"
mergedImage_1710,"[0, 3, 1, 0, 1]"
mergedImage_1711,"[1, 0, 1, 1, 2]"
mergedImage_1712,"[0, 2, 1, 0, 0]"
mergedImage_1713,"[2, 0, 0, 1, 1]"
mergedImage_1714,"[0, 2, 2, 1, 1]"
mergedImage_1715,"[0, 0, 0, 0, 2]"
mergedImage_1716,"[0, 0, 0, 3, 3]"
mergedImage_1717,"[0, 0, 0, 2, 0]"
mergedImage_1718,"[0, 0, 0, 2, 0]"
mergedImage_1719,"[1, 1, 2, 1, 0]"
mergedImage_1720,"[2, 0, 0, 0, 1]"
mergedImage_1721,"[1, 1, 0, 0, 2]"
mergedImage_1722,"[0, 2, 0, 0, 1]"
mergedImage_1723,"[0, 0, 1, 0, 1]"
mergedImage_1724,"[1, 0, 1, 0, 0]"
mergedImage_1725,"[2, 1, 1, 1, 1]"
mergedImage_1726,"[0, 0, 3, 1, 0]"
mergedImage_1727,"[1, 1, 3, 0, 0]"
mergedImage_1728,"[0, 2, 0, 1, 2]"
mergedImage_1729,"[0, 1, 3, 2, 0]"
mergedImage_1730,"[0, 1, 0, 1, 0]"
mergedImage_1731,"[1, 1, 2, 2, 0]"
mergedImage_1732,"[0, 1, 1, 0, 2]"
mergedImage_1733,"[1, 1, 1, 1, 0]"
mergedImage_1734,"[0, 1, 3, 0, 0]"
mergedImage_1735,"[1, 0, 1, 0, 0]"
mergedImage_1736,"[0, 0, 0, 2, 3]"
mergedImage_1737,"[1, 1, 0, 0, 1]"
mergedImage_1738,"[0, 0, 0, 4, 0]"
mergedImage_1739,"[0, 2, 0, 1, 0]"
mergedImage_1740,"[0, 0, 1, 3, 0]"
mergedImage_1741,"[2, 0, 0, 0, 1]"
mergedImage_1742,"[1, 1, 2, 0, 1]"
mergedImage_1743,"[1, 3, 0, 0, 0]"
mergedImage_1744,"[2, 1, 1, 1, 0]"
mergedImage_1745,"[0, 0, 1, 0, 1]"
mergedImage_1746,"[1, 3, 0, 1, 1]"
mergedImage_1747,"[1, 1, 1, 2, 1]"
mergedImage_1748,"[0, 0, 1, 1, 0]"
mergedImage_1749,"[1, 0, 1, 2, 0]"
mergedImage_1750,"[1, 2, 1, 1, 1]"
mergedImage_1751,"[2, 0, 1, 0, 2]"
mergedImage_1752,"[1, 0, 0, 0, 1]"
mergedImage_1753,"[2, 0, 1, 1, 0]"
mergedImage_1754,"[1, 0, 0, 0, 1]"
mergedImage_1755,"[1, 0, 0, 1, 1]"
mergedImage_1756,"[1, 1, 0, 0, 3]"
mergedImage_1757,"[0, 1, 1, 0, 0]"
mergedImage_1758,"[1, 1, 1, 1, 0]"
mergedImage_1759,"[0, 2, 1, 0, 0]"
mergedImage_1760,"[0, 1, 1, 0, 0]"
mergedImage_1761,"[0, 0, 1, 1, 0]"
mergedImage_1762,"[1, 2, 1, 0, 0]"
mergedImage_1763,"[0, 0, 1, 1, 0]"
mergedImage_1764,"[1, 1, 0, 0, 0]"
mergedImage_1765,"[0, 2, 1, 0, 2]"
mergedImage_1766,"[1, 0, 0, 1, 0]"
mergedImage_1767,"[0, 0, 2, 0, 1]"
mergedImage_1768,"[4, 0, 0, 1, 0]"
mergedImage_1769,"[1, 1, 3, 0, 1]"
mergedImage_1770,"[1, 1, 1, 2, 0]"
mergedImage_1771,"[2, 1, 0, 0, 3]"
mergedImage_1772,"[0, 1, 1, 0, 2]"
mergedImage_1773,"[0, 1, 1, 0, 1]"
mergedImage_1774,"[0, 2, 1, 0, 0]"
mergedImage_1775,"[1, 2, 0, 0, 0]"
mergedImage_1776,"[3, 1, 2, 0, 0]"
mergedImage_1777,"[0, 0, 0, 0, 2]"
mergedImage_1778,"[1, 1, 1, 2, 1]"
mergedImage_1779,"[0, 0, 0, 2, 0]"
mergedImage_1780,"[1, 1, 1, 0, 0]"
mergedImage_1781,"[1, 0, 1, 1, 0]"
mergedImage_1782,"[1, 1, 1, 0, 2]"
mergedImage_1783,"[1, 0, 0, 0, 2]"
mergedImage_1784,"[1, 2, 1, 0, 0]"
mergedImage_1785,"[0, 1, 2, 1, 0]"
mergedImage_1786,"[1, 1, 1, 1, 0]"
mergedImage_1787,"[1, 1, 0, 0, 0]"
mergedImage_1788,"[0, 0, 3, 0, 1]"
mergedImage_1789,"[0, 1, 0, 2, 0]"
mergedImage_1790,"[2, 2, 1, 0, 1]"
mergedImage_1791,"[2, 2, 2, 0, 0]"
mergedImage_1792,"[3, 1, 0, 0, 1]"
mergedImage_1793,"[1, 0, 2, 3, 0]"
mergedImage_1794,"[0, 2, 0, 1, 1]"
mergedImage_1795,"[0, 1, 1, 0, 0]"
mergedImage_1796,"[0, 0, 0, 0, 2]"
mergedImage_1797,"[1, 1, 0, 0, 1]"
mergedImage_1798,"[0, 0, 4, 1, 1]"
mergedImage_1799,"[1, 0, 0, 1, 2]"
mergedImage_1800,"[1, 1, 1, 0, 1]"
mergedImage_1801,"[1, 1, 1, 0, 1]"
mergedImage_1802,"[0, 3, 0, 2, 0]"
mergedImage_1803,"[1, 0, 1, 2, 1]"
mergedImage_1804,"[2, 2, 1, 0, 0]"
mergedImage_1805,"[2, 0, 0, 1, 1]"
mergedImage_1806,"[0, 0, 1, 0, 2]"
mergedImage_1807,"[0, 1, 1, 0, 2]"
mergedImage_1808,"[0, 1, 0, 0, 3]"
mergedImage_1809,"[1, 2, 1, 0, 0]"
mergedImage_1810,"[0, 1, 0, 1, 0]"
mergedImage_1811,"[1, 2, 0, 1, 0]"
mergedImage_1812,"[3, 1, 0, 2, 0]"
mergedImage_1813,"[0, 0, 0, 2, 0]"
mergedImage_1814,"[0, 0, 0, 2, 0]"
mergedImage_1815,"[0, 1, 1, 4, 0]"
mergedImage_1816,"[0, 0, 1, 3, 2]"
mergedImage_1817,"[2, 0, 0, 3, 0]"
mergedImage_1818,"[1, 2, 0, 2, 1]"
mergedImage_1819,"[1, 1, 0, 2, 1]"
mergedImage_1820,"[3, 1, 1, 1, 0]"
mergedImage_1821,"[0, 1, 1, 1, 0]"
mergedImage_1822,"[1, 0, 0, 2, 2]"
mergedImage_1823,"[1, 1, 0, 2, 2]"
mergedImage_1824,"[1, 0, 2, 1, 2]"
mergedImage_1825,"[2, 2, 1, 1, 0]"
mergedImage_1826,"[0, 1, 0, 2, 1]"
mergedImage_1827,"[2, 0, 0, 1, 1]"
mergedImage_1828,"[0, 2, 0, 2, 0]"
mergedImage_1829,"[0, 3, 0, 2, 0]"
mergedImage_1830,"[1, 0, 1, 0, 0]"
mergedImage_1831,"[1, 1, 2, 0, 1]"
mergedImage_1832,"[0, 1, 2, 1, 1]"
mergedImage_1833,"[2, 0, 1, 0, 2]"
mergedImage_1834,"[1, 0, 2, 1, 2]"
mergedImage_1835,"[0, 1, 0, 0, 1]"
mergedImage_1836,"[0, 1, 0, 2, 1]"
mergedImage_1837,"[0, 0, 0, 1, 3]"
mergedImage_1838,"[0, 0, 2, 2, 1]"
mergedImage_1839,"[1, 1, 1, 0, 1]"
mergedImage_1840,"[1, 0, 1, 1, 0]"
mergedImage_1841,"[1, 0, 3, 0, 1]"
mergedImage_1842,"[0, 0, 1, 2, 0]"
mergedImage_1843,"[1, 0, 0, 1, 1]"
mergedImage_1844,"[0, 0, 2, 1, 1]"
mergedImage_1845,"[0, 0, 4, 1, 1]"
mergedImage_1846,"[3, 1, 0, 1, 0]"
mergedImage_1847,"[0, 1, 0, 0, 1]"
mergedImage_1848,"[1, 0, 1, 0, 1]"
mergedImage_1849,"[0, 0, 2, 2, 2]"
mergedImage_1850,"[0, 1, 1, 0, 2]"
mergedImage_1851,"[0, 1, 1, 1, 2]"
mergedImage_1852,"[1, 0, 1, 1, 0]"
mergedImage_1853,"[0, 0, 0, 1, 1]"
mergedImage_1854,"[0, 0, 1, 0, 1]"
mergedImage_1855,"[0, 1, 1, 1, 0]"
mergedImage_1856,"[1, 2, 2, 1, 0]"
mergedImage_1857,"[1, 2, 1, 2, 0]"
mergedImage_1858,"[1, 0, 1, 1, 0]"
mergedImage_1859,"[2, 3, 0, 0, 1]"
mergedImage_1860,"[1, 0, 2, 2, 0]"
mergedImage_1861,"[0, 1, 0, 1, 2]"
mergedImage_1862,"[0, 0, 0, 1, 2]"
mergedImage_1863,"[0, 0, 1, 1, 3]"
mergedImage_1864,"[0, 1, 1, 1, 1]"
mergedImage_1865,"[2, 1, 0, 2, 1]"
mergedImage_1866,"[1, 0, 0, 2, 1]"
mergedImage_1867,"[0, 0, 1, 0, 1]"
mergedImage_1868,"[0, 1, 0, 1, 0]"
mergedImage_1869,"[0, 0, 2, 1, 1]"
mergedImage_1870,"[1, 1, 1, 1, 1]"
mergedImage_1871,"[1, 0, 0, 0, 2]"
mergedImage_1872,"[1, 1, 0, 1, 0]"
mergedImage_1873,"[2, 0, 0, 2, 1]"
mergedImage_1874,"[0, 1, 1, 1, 0]"
mergedImage_1875,"[2, 1, 2, 1, 0]"
mergedImage_1876,"[0, 1, 1, 0, 0]"
mergedImage_1877,"[1, 2, 1, 1, 0]"
mergedImage_1878,"[1, 0, 0, 1, 1]"
mergedImage_1879,"[1, 3, 0, 2, 0]"
mergedImage_1880,"[0, 2, 0, 1, 1]"
mergedImage_1881,"[0, 2, 1, 1, 0]"
mergedImage_1882,"[1, 0, 1, 0, 0]"
mergedImage_1883,"[2, 1, 0, 0, 1]"
mergedImage_1884,"[1, 1, 0, 0, 0]"
mergedImage_1885,"[0, 1, 1, 0, 2]"
mergedImage_1886,"[0, 0, 2, 0, 1]"
mergedImage_1887,"[2, 0, 1, 2, 1]"
mergedImage_1888,"[0, 1, 0, 1, 0]"
mergedImage_1889,"[0, 1, 2, 0, 0]"
mergedImage_1890,"[3, 0, 3, 0, 0]"
mergedImage_1891,"[2, 0, 2, 1, 0]"
mergedImage_1892,"[0, 0, 0, 3, 0]"
mergedImage_1893,"[1, 1, 1, 0, 0]"
mergedImage_1894,"[0, 1, 0, 1, 0]"
mergedImage_1895,"[1, 0, 1, 0, 1]"
mergedImage_1896,"[2, 2, 0, 1, 1]"
mergedImage_1897,"[1, 0, 1, 1, 0]"
mergedImage_1898,"[1, 1, 0, 1, 0]"
mergedImage_1899,"[0, 0, 2, 0, 0]"
mergedImage_1900,"[0, 0, 1, 0, 1]"
mergedImage_1901,"[2, 1, 0, 0, 1]"
mergedImage_1902,"[0, 1, 1, 0, 0]"
mergedImage_1903,"[1, 1, 2, 0, 1]"
mergedImage_1904,"[0, 0, 0, 2, 0]"
mergedImage_1905,"[0, 0, 1, 1, 0]"
mergedImage_1906,"[0, 1, 0, 1, 0]"
mergedImage_1907,"[2, 0, 1, 0, 2]"
mergedImage_1908,"[2, 1, 0, 2, 0]"
mergedImage_1909,"[1, 1, 2, 1, 0]"
mergedImage_1910,"[1, 1, 0, 0, 0]"
mergedImage_1911,"[1, 1, 1, 2, 0]"
mergedImage_1912,"[1, 2, 3, 0, 0]"
mergedImage_1913,"[0, 2, 0, 3, 0]"
mergedImage_1914,"[0, 1, 1, 0, 0]"
mergedImage_1915,"[0, 3, 0, 2, 1]"
mergedImage_1916,"[0, 1, 1, 1, 2]"
mergedImage_1917,"[0, 1, 1, 0, 2]"
mergedImage_1918,"[2, 1, 1, 0, 1]"
mergedImage_1919,"[0, 0, 1, 2, 0]"
mergedImage_1920,"[1, 0, 2, 2, 0]"
mergedImage_1921,"[0, 3, 0, 0, 2]"
mergedImage_1922,"[1, 0, 2, 1, 1]"
mergedImage_1923,"[0, 2, 0, 0, 0]"
mergedImage_1924,"[0, 1, 1, 0, 2]"
mergedImage_1925,"[0, 0, 1, 2, 0]"
mergedImage_1926,"[1, 2, 1, 1, 0]"
mergedImage_1927,"[1, 1, 2, 1, 0]"
mergedImage_1928,"[2, 0, 0, 0, 0]"
mergedImage_1929,"[1, 2, 0, 1, 2]"
mergedImage_1930,"[1, 0, 0, 0, 1]"
mergedImage_1931,"[0, 0, 1, 0, 3]"
mergedImage_1932,"[0, 0, 0, 2, 0]"
mergedImage_1933,"[1, 0, 1, 1, 1]"
mergedImage_1934,"[2, 3, 0, 0, 1]"
mergedImage_1935,"[0, 2, 1, 1, 0]"
mergedImage_1936,"[3, 2, 0, 0, 1]"
mergedImage_1937,"[0, 3, 1, 1, 1]"
mergedImage_1938,"[0, 0, 1, 2, 1]"
mergedImage_1939,"[0, 1, 0, 2, 1]"
mergedImage_1940,"[0, 2, 0, 1, 1]"
mergedImage_1941,"[2, 1, 0, 1, 1]"
mergedImage_1942,"[2, 0, 0, 1, 0]"
mergedImage_1943,"[0, 1, 0, 1, 2]"
mergedImage_1944,"[1, 1, 1, 0, 1]"
mergedImage_1945,"[0, 1, 1, 0, 1]"
mergedImage_1946,"[2, 0, 0, 1, 2]"
mergedImage_1947,"[0, 1, 0, 1, 0]"
mergedImage_1948,"[2, 1, 1, 2, 0]"
mergedImage_1949,"[2, 0, 2, 0, 0]"
mergedImage_1950,"[0, 1, 1, 1, 0]"
mergedImage_1951,"[0, 0, 1, 0, 1]"
mergedImage_1952,"[2, 1, 2, 0, 1]"
mergedImage_1953,"[1, 1, 1, 0, 0]"
mergedImage_1954,"[1, 1, 0, 1, 0]"
mergedImage_1955,"[2, 1, 0, 0, 1]"
mergedImage_1956,"[2, 2, 1, 0, 1]"
mergedImage_1957,"[0, 1, 1, 2, 1]"
mergedImage_1958,"[1, 1, 1, 1, 1]"
mergedImage_1959,"[0, 1, 1, 0, 0]"
mergedImage_1960,"[2, 0, 3, 0, 0]"
mergedImage_1961,"[0, 0, 0, 1, 1]"
mergedImage_1962,"[0, 0, 1, 1, 0]"
mergedImage_1963,"[0, 0, 2, 0, 2]"
mergedImage_1964,"[0, 2, 2, 0, 2]"
mergedImage_1965,"[2, 2, 2, 0, 0]"
mergedImage_1966,"[1, 1, 0, 0, 0]"
mergedImage_1967,"[0, 1, 1, 1, 1]"
mergedImage_1968,"[0, 0, 0, 1, 2]"
mergedImage_1969,"[1, 1, 1, 1, 1]"
mergedImage_1970,"[0, 1, 0, 1, 0]"
mergedImage_1971,"[1, 1, 1, 1, 2]"
mergedImage_1972,"[0, 0, 0, 1, 2]"
mergedImage_1973,"[2, 0, 2, 1, 0]"
mergedImage_1974,"[0, 0, 1, 3, 1]"
mergedImage_1975,"[0, 1, 1, 1, 1]"
mergedImage_1976,"[0, 2, 1, 3, 0]"
mergedImage_1977,"[1, 1, 1, 1, 0]"
mergedImage_1978,"[0, 0, 2, 0, 2]"
mergedImage_1979,"[2, 0, 0, 0, 0]"
mergedImage_1980,"[0, 0, 0, 0, 3]"
mergedImage_1981,"[0, 1, 1, 1, 1]"
mergedImage_1982,"[2, 1, 1, 0, 0]"
mergedImage_1983,"[0, 1, 1, 1, 2]"
mergedImage_1984,"[1, 1, 0, 0, 3]"
mergedImage_1985,"[1, 2, 2, 0, 0]"
mergedImage_1986,"[0, 4, 0, 2, 0]"
mergedImage_1987,"[0, 0, 1, 1, 0]"
mergedImage_1988,"[1, 1, 3, 0, 1]"
mergedImage_1989,"[2, 0, 0, 2, 0]"
mergedImage_1990,"[0, 1, 1, 0, 0]"
mergedImage_1991,"[0, 2, 0, 1, 0]"
mergedImage_1992,"[1, 3, 2, 0, 0]"
mergedImage_1993,"[2, 1, 2, 0, 1]"
mergedImage_1994,"[0, 0, 2, 1, 2]"
mergedImage_1995,"[1, 1, 1, 2, 0]"
mergedImage_1996,"[0, 1, 1, 0, 2]"
mergedImage_1997,"[0, 1, 0, 1, 0]"
mergedImage_1998,"[0, 0, 2, 1, 3]"
mergedImage_1999,"[2, 0, 1, 1, 1]"
mergedImage_2000,"[0, 0, 3, 0, 1]"
mergedImage_2001,"[0, 0, 1, 2, 2]"
mergedImage_2002,"[0, 0, 1, 0, 1]"
mergedImage_2003,"[0, 1, 1, 3, 1]"
mergedImage_2004,"[1, 0, 1, 1, 1]"
mergedImage_2005,"[0, 1, 1, 2, 0]"
mergedImage_2006,"[1, 2, 0, 0, 1]"
mergedImage_2007,"[1, 2, 0, 1, 2]"
mergedImage_2008,"[0, 0, 0, 1, 1]"
mergedImage_2009,"[0, 3, 0, 3, 0]"
mergedImage_2010,"[1, 0, 0, 2, 0]"
mergedImage_2011,"[0, 1, 1, 1, 2]"
mergedImage_2012,"[1, 0, 1, 2, 1]"
mergedImage_2013,"[1, 0, 0, 3, 0]"
mergedImage_2014,"[0, 1, 1, 1, 0]"
mergedImage_2015,"[0, 1, 1, 0, 2]"
mergedImage_2016,"[1, 2, 1, 2, 0]"
mergedImage_2017,"[1, 1, 0, 0, 0]"
mergedImage_2018,"[0, 2, 3, 0, 0]"
mergedImage_2019,"[1, 1, 2, 2, 0]"
mergedImage_2020,"[0, 1, 2, 1, 1]"
mergedImage_2021,"[1, 1, 1, 0, 1]"
mergedImage_2022,"[0, 1, 1, 0, 0]"
mergedImage_2023,"[0, 0, 2, 0, 0]"
mergedImage_2024,"[0, 1, 1, 1, 3]"
mergedImage_2025,"[1, 0, 0, 1, 0]"
mergedImage_2026,"[1, 0, 2, 1, 2]"
mergedImage_2027,"[2, 0, 1, 0, 1]"
mergedImage_2028,"[1, 0, 2, 0, 3]"
mergedImage_2029,"[2, 0, 2, 1, 1]"
mergedImage_2030,"[0, 1, 0, 0, 1]"
mergedImage_2031,"[0, 2, 0, 0, 0]"
mergedImage_2032,"[0, 0, 1, 1, 0]"
mergedImage_2033,"[3, 0, 1, 2, 0]"
mergedImage_2034,"[0, 0, 2, 0, 0]"
mergedImage_2035,"[2, 3, 0, 1, 0]"
mergedImage_2036,"[1, 4, 0, 0, 0]"
mergedImage_2037,"[0, 1, 1, 1, 1]"
mergedImage_2038,"[0, 1, 1, 0, 1]"
mergedImage_2039,"[0, 0, 1, 1, 1]"
mergedImage_2040,"[0, 0, 2, 0, 2]"
mergedImage_2041,"[0, 0, 3, 0, 1]"
mergedImage_2042,"[1, 1, 0, 0, 1]"
mergedImage_2043,"[1, 1, 1, 1, 2]"
mergedImage_2044,"[1, 0, 1, 0, 4]"
mergedImage_2045,"[0, 1, 1, 0, 1]"
mergedImage_2046,"[2, 2, 0, 1, 0]"
mergedImage_2047,"[1, 3, 0, 0, 1]"
mergedImage_2048,"[2, 0, 1, 0, 0]"
mergedImage_2049,"[1, 1, 1, 0, 1]"
mergedImage_2050,"[0, 0, 2, 0, 4]"
mergedImage_2051,"[1, 2, 1, 0, 0]"
mergedImage_2052,"[1, 0, 1, 1, 0]"
mergedImage_2053,"[0, 0, 1, 2, 1]"
mergedImage_2054,"[1, 1, 2, 2, 0]"
mergedImage_2055,"[0, 1, 3, 2, 0]"
mergedImage_2056,"[0, 2, 1, 0, 1]"
mergedImage_2057,"[0, 1, 1, 3, 0]"
mergedImage_2058,"[2, 1, 0, 1, 0]"
mergedImage_2059,"[0, 0, 2, 0, 1]"
mergedImage_2060,"[0, 0, 0, 0, 2]"
mergedImage_2061,"[1, 0, 0, 2, 0]"
mergedImage_2062,"[0, 1, 1, 2, 2]"
mergedImage_2063,"[1, 2, 0, 1, 1]"
mergedImage_2064,"[1, 3, 1, 0, 1]"
mergedImage_2065,"[0, 1, 1, 0, 0]"
mergedImage_2066,"[0, 0, 0, 1, 3]"
mergedImage_2067,"[0, 1, 3, 0, 0]"
mergedImage_2068,"[1, 0, 1, 0, 1]"
mergedImage_2069,"[0, 2, 0, 1, 1]"
mergedImage_2070,"[0, 0, 0, 1, 2]"
mergedImage_2071,"[0, 0, 3, 0, 0]"
mergedImage_2072,"[1, 0, 1, 1, 2]"
mergedImage_2073,"[1, 0, 1, 0, 0]"
mergedImage_2074,"[0, 0, 1, 0, 2]"
mergedImage_2075,"[1, 0, 1, 2, 1]"
mergedImage_2076,"[1, 0, 2, 0, 1]"
mergedImage_2077,"[0, 1, 1, 0, 0]"
mergedImage_2078,"[2, 0, 1, 0, 1]"
mergedImage_2079,"[0, 2, 1, 0, 1]"
mergedImage_2080,"[0, 0, 2, 1, 1]"
mergedImage_2081,"[2, 2, 0, 2, 0]"
mergedImage_2082,"[1, 0, 1, 0, 0]"
mergedImage_2083,"[0, 0, 1, 1, 1]"
mergedImage_2084,"[1, 2, 0, 1, 2]"
mergedImage_2085,"[0, 2, 0, 0, 2]"
mergedImage_2086,"[0, 1, 3, 1, 0]"
mergedImage_2087,"[3, 1, 1, 1, 0]"
mergedImage_2088,"[1, 0, 2, 0, 0]"
mergedImage_2089,"[0, 2, 0, 1, 1]"
mergedImage_2090,"[1, 0, 1, 0, 0]"
mergedImage_2091,"[2, 0, 3, 0, 0]"
mergedImage_2092,"[2, 0, 2, 0, 1]"
mergedImage_2093,"[0, 3, 1, 0, 1]"
mergedImage_2094,"[1, 3, 0, 0, 1]"
mergedImage_2095,"[0, 1, 3, 2, 0]"
mergedImage_2096,"[1, 0, 0, 1, 0]"
mergedImage_2097,"[0, 1, 0, 2, 1]"
mergedImage_2098,"[0, 1, 2, 1, 1]"
mergedImage_2099,"[1, 3, 1, 1, 0]"
mergedImage_2100,"[0, 0, 0, 1, 4]"
mergedImage_2101,"[0, 1, 1, 2, 0]"
mergedImage_2102,"[1, 0, 0, 2, 3]"
mergedImage_2103,"[0, 2, 0, 1, 2]"
mergedImage_2104,"[1, 0, 0, 1, 1]"
mergedImage_2105,"[0, 0, 0, 0, 2]"
mergedImage_2106,"[1, 0, 0, 1, 2]"
mergedImage_2107,"[2, 2, 1, 1, 0]"
mergedImage_2108,"[0, 0, 2, 0, 3]"
mergedImage_2109,"[2, 1, 1, 1, 1]"
mergedImage_2110,"[0, 2, 1, 1, 2]"
mergedImage_2111,"[2, 0, 0, 0, 1]"
mergedImage_2112,"[1, 0, 1, 1, 0]"
mergedImage_2113,"[0, 0, 1, 2, 2]"
mergedImage_2114,"[1, 2, 0, 0, 0]"
mergedImage_2115,"[1, 1, 1, 2, 0]"
mergedImage_2116,"[0, 1, 1, 1, 0]"
mergedImage_2117,"[2, 1, 1, 0, 1]"
mergedImage_2118,"[1, 0, 0, 1, 0]"
mergedImage_2119,"[0, 2, 1, 0, 1]"
mergedImage_2120,"[2, 2, 0, 0, 0]"
mergedImage_2121,"[0, 2, 1, 0, 3]"
mergedImage_2122,"[1, 1, 1, 0, 2]"
mergedImage_2123,"[0, 1, 1, 0, 0]"
mergedImage_2124,"[0, 1, 1, 2, 0]"
mergedImage_2125,"[0, 3, 1, 0, 2]"
mergedImage_2126,"[1, 1, 1, 1, 0]"
mergedImage_2127,"[0, 1, 1, 0, 0]"
mergedImage_2128,"[0, 1, 0, 1, 1]"
mergedImage_2129,"[0, 1, 1, 0, 2]"
mergedImage_2130,"[1, 0, 0, 2, 0]"
mergedImage_2131,"[1, 1, 1, 1, 1]"
mergedImage_2132,"[2, 0, 0, 0, 0]"
mergedImage_2133,"[1, 1, 0, 0, 0]"
mergedImage_2134,"[3, 0, 0, 2, 0]"
mergedImage_2135,"[1, 0, 0, 0, 1]"
mergedImage_2136,"[1, 1, 0, 1, 1]"
mergedImage_2137,"[2, 2, 0, 0, 2]"
mergedImage_2138,"[1, 2, 0, 1, 0]"
mergedImage_2139,"[0, 0, 0, 0, 2]"
mergedImage_2140,"[3, 0, 2, 0, 0]"
mergedImage_2141,"[1, 3, 1, 0, 1]"
mergedImage_2142,"[1, 1, 1, 0, 0]"
mergedImage_2143,"[0, 1, 1, 2, 1]"
mergedImage_2144,"[0, 0, 1, 1, 1]"
mergedImage_2145,"[1, 1, 0, 2, 0]"
mergedImage_2146,"[0, 1, 3, 0, 0]"
mergedImage_2147,"[0, 0, 1, 1, 1]"
mergedImage_2148,"[0, 0, 2, 2, 0]"
mergedImage_2149,"[1, 0, 1, 2, 0]"
mergedImage_2150,"[3, 0, 2, 1, 0]"
mergedImage_2151,"[2, 1, 0, 2, 0]"
mergedImage_2152,"[1, 1, 0, 0, 0]"
mergedImage_2153,"[0, 1, 0, 0, 2]"
mergedImage_2154,"[0, 1, 1, 1, 2]"
mergedImage_2155,"[0, 2, 0, 0, 0]"
mergedImage_2156,"[1, 0, 0, 0, 1]"
mergedImage_2157,"[1, 1, 0, 1, 0]"
mergedImage_2158,"[0, 1, 0, 0, 1]"
mergedImage_2159,"[0, 0, 1, 1, 1]"
mergedImage_2160,"[0, 1, 3, 2, 0]"
mergedImage_2161,"[0, 0, 0, 2, 0]"
mergedImage_2162,"[0, 1, 0, 1, 0]"
mergedImage_2163,"[1, 0, 1, 2, 1]"
mergedImage_2164,"[2, 0, 1, 1, 2]"
mergedImage_2165,"[1, 1, 0, 1, 1]"
mergedImage_2166,"[0, 1, 0, 1, 0]"
mergedImage_2167,"[0, 2, 3, 0, 0]"
mergedImage_2168,"[0, 0, 1, 1, 1]"
mergedImage_2169,"[2, 1, 0, 0, 3]"
mergedImage_2170,"[0, 1, 1, 2, 1]"
mergedImage_2171,"[0, 3, 1, 0, 1]"
mergedImage_2172,"[1, 0, 1, 1, 1]"
mergedImage_2173,"[1, 1, 0, 0, 2]"
mergedImage_2174,"[0, 1, 0, 0, 1]"
mergedImage_2175,"[1, 1, 0, 1, 0]"
mergedImage_2176,"[0, 1, 0, 1, 0]"
mergedImage_2177,"[1, 0, 1, 2, 0]"
mergedImage_2178,"[0, 0, 1, 0, 1]"
mergedImage_2179,"[1, 0, 3, 0, 2]"
mergedImage_2180,"[1, 1, 0, 1, 2]"
mergedImage_2181,"[0, 0, 2, 1, 0]"
mergedImage_2182,"[1, 0, 1, 3, 0]"
mergedImage_2183,"[1, 1, 2, 1, 1]"
mergedImage_2184,"[0, 0, 1, 2, 1]"
mergedImage_2185,"[2, 0, 1, 2, 1]"
mergedImage_2186,"[0, 1, 1, 0, 4]"
mergedImage_2187,"[0, 0, 0, 2, 1]"
mergedImage_2188,"[1, 1, 2, 1, 1]"
mergedImage_2189,"[0, 0, 1, 1, 0]"
mergedImage_2190,"[2, 1, 0, 1, 2]"
mergedImage_2191,"[2, 0, 0, 0, 0]"
mergedImage_2192,"[1, 1, 2, 0, 0]"
mergedImage_2193,"[0, 1, 3, 1, 1]"
mergedImage_2194,"[0, 0, 1, 0, 1]"
mergedImage_2195,"[0, 1, 2, 1, 0]"
mergedImage_2196,"[2, 0, 0, 1, 0]"
mergedImage_2197,"[1, 1, 1, 1, 1]"
mergedImage_2198,"[1, 0, 1, 0, 0]"
mergedImage_2199,"[0, 1, 1, 1, 1]"
mergedImage_2200,"[0, 1, 1, 0, 1]"
mergedImage_2201,"[1, 1, 1, 1, 1]"
mergedImage_2202,"[0, 1, 0, 1, 0]"
mergedImage_2203,"[1, 0, 1, 0, 3]"
mergedImage_2204,"[0, 1, 2, 3, 0]"
mergedImage_2205,"[1, 2, 0, 0, 0]"
mergedImage_2206,"[0, 1, 1, 3, 0]"
mergedImage_2207,"[0, 0, 3, 0, 0]"
mergedImage_2208,"[0, 1, 2, 2, 1]"
mergedImage_2209,"[1, 0, 1, 1, 1]"
mergedImage_2210,"[0, 3, 0, 0, 1]"
mergedImage_2211,"[1, 2, 1, 1, 1]"
mergedImage_2212,"[0, 1, 0, 1, 0]"
mergedImage_2213,"[0, 1, 0, 2, 0]"
mergedImage_2214,"[2, 2, 0, 1, 1]"
mergedImage_2215,"[1, 0, 1, 0, 1]"
mergedImage_2216,"[0, 2, 0, 0, 1]"
mergedImage_2217,"[0, 1, 0, 1, 0]"
mergedImage_2218,"[0, 1, 1, 1, 3]"
mergedImage_2219,"[0, 1, 1, 1, 2]"
mergedImage_2220,"[0, 1, 1, 0, 0]"
mergedImage_2221,"[2, 1, 1, 1, 1]"
mergedImage_2222,"[1, 0, 1, 0, 0]"
mergedImage_2223,"[0, 0, 2, 2, 2]"
mergedImage_2224,"[2, 0, 1, 1, 1]"
mergedImage_2225,"[0, 1, 0, 1, 1]"
mergedImage_2226,"[1, 1, 0, 0, 0]"
mergedImage_2227,"[1, 0, 0, 1, 0]"
mergedImage_2228,"[1, 1, 0, 1, 2]"
mergedImage_2229,"[0, 0, 1, 0, 2]"
mergedImage_2230,"[0, 1, 0, 1, 0]"
mergedImage_2231,"[1, 2, 1, 0, 1]"
mergedImage_2232,"[1, 2, 0, 0, 2]"
mergedImage_2233,"[0, 2, 1, 1, 0]"
mergedImage_2234,"[1, 1, 2, 0, 0]"
mergedImage_2235,"[0, 0, 1, 2, 1]"
mergedImage_2236,"[2, 0, 0, 0, 0]"
mergedImage_2237,"[3, 0, 1, 1, 0]"
mergedImage_2238,"[1, 0, 2, 0, 3]"
mergedImage_2239,"[0, 0, 2, 0, 3]"
mergedImage_2240,"[0, 1, 3, 0, 1]"
mergedImage_2241,"[0, 2, 0, 0, 0]"
mergedImage_2242,"[1, 1, 3, 0, 0]"
mergedImage_2243,"[0, 0, 1, 3, 0]"
mergedImage_2244,"[1, 0, 0, 1, 0]"
mergedImage_2245,"[1, 1, 2, 1, 1]"
mergedImage_2246,"[2, 0, 0, 0, 2]"
mergedImage_2247,"[0, 0, 2, 0, 2]"
mergedImage_2248,"[0, 2, 0, 0, 1]"
mergedImage_2249,"[1, 1, 1, 3, 0]"
mergedImage_2250,"[1, 0, 0, 2, 0]"
mergedImage_2251,"[0, 1, 1, 3, 0]"
mergedImage_2252,"[1, 0, 1, 1, 1]"
mergedImage_2253,"[0, 1, 1, 0, 0]"
mergedImage_2254,"[2, 1, 1, 1, 0]"
mergedImage_2255,"[1, 1, 1, 0, 0]"
mergedImage_2256,"[0, 0, 2, 1, 3]"
mergedImage_2257,"[1, 0, 0, 0, 1]"
mergedImage_2258,"[0, 2, 0, 1, 1]"
mergedImage_2259,"[0, 2, 0, 0, 0]"
mergedImage_2260,"[2, 0, 0, 1, 0]"
mergedImage_2261,"[0, 1, 2, 1, 0]"
mergedImage_2262,"[1, 2, 0, 1, 0]"
mergedImage_2263,"[0, 0, 0, 1, 1]"
mergedImage_2264,"[0, 0, 1, 0, 1]"
mergedImage_2265,"[1, 0, 1, 2, 1]"
mergedImage_2266,"[2, 1, 2, 0, 1]"
mergedImage_2267,"[0, 1, 0, 3, 2]"
mergedImage_2268,"[2, 2, 1, 0, 1]"
mergedImage_2269,"[0, 0, 1, 0, 1]"
mergedImage_2270,"[2, 0, 2, 0, 1]"
mergedImage_2271,"[0, 0, 3, 2, 1]"
mergedImage_2272,"[0, 0, 2, 1, 0]"
mergedImage_2273,"[2, 2, 0, 1, 0]"
mergedImage_2274,"[3, 1, 0, 0, 1]"
mergedImage_2275,"[2, 0, 1, 2, 0]"
mergedImage_2276,"[1, 0, 0, 1, 1]"
mergedImage_2277,"[0, 1, 0, 1, 0]"
mergedImage_2278,"[0, 0, 0, 1, 1]"
mergedImage_2279,"[1, 1, 2, 1, 1]"
mergedImage_2280,"[1, 0, 1, 1, 2]"
mergedImage_2281,"[1, 2, 2, 0, 1]"
mergedImage_2282,"[1, 0, 2, 2, 0]"
mergedImage_2283,"[0, 1, 1, 0, 1]"
mergedImage_2284,"[2, 1, 1, 2, 0]"
mergedImage_2285,"[0, 2, 0, 1, 0]"
mergedImage_2286,"[1, 0, 2, 1, 0]"
mergedImage_2287,"[0, 1, 0, 0, 2]"
mergedImage_2288,"[1, 0, 3, 0, 2]"
mergedImage_2289,"[1, 0, 1, 0, 0]"
mergedImage_2290,"[2, 1, 0, 1, 1]"
mergedImage_2291,"[1, 1, 2, 0, 0]"
mergedImage_2292,"[0, 1, 1, 0, 1]"
mergedImage_2293,"[0, 1, 0, 1, 1]"
mergedImage_2294,"[2, 1, 1, 2, 0]"
mergedImage_2295,"[0, 2, 0, 0, 0]"
mergedImage_2296,"[0, 0, 1, 1, 1]"
mergedImage_2297,"[0, 1, 1, 1, 3]"
mergedImage_2298,"[2, 1, 0, 0, 1]"
mergedImage_2299,"[1, 0, 1, 1, 1]"
mergedImage_2300,"[1, 2, 0, 0, 0]"
mergedImage_2301,"[2, 2, 0, 1, 0]"
mergedImage_2302,"[0, 3, 1, 0, 0]"
mergedImage_2303,"[1, 0, 1, 0, 1]"
mergedImage_2304,"[0, 1, 0, 1, 0]"
mergedImage_2305,"[0, 2, 0, 0, 3]"
mergedImage_2306,"[0, 1, 1, 1, 2]"
mergedImage_2307,"[1, 0, 0, 1, 0]"
mergedImage_2308,"[0, 1, 0, 1, 1]"
mergedImage_2309,"[0, 0, 1, 0, 1]"
mergedImage_2310,"[0, 0, 2, 0, 3]"
mergedImage_2311,"[0, 0, 1, 1, 0]"
mergedImage_2312,"[1, 0, 1, 0, 0]"
